[{"model": "admin.logentry", "pk": 1, "fields": {"action_time": "2022-10-20T11:13:44.334Z", "user": 2, "content_type": 12, "object_id": "1", "object_repr": "faycal", "action_flag": 3, "change_message": ""}}, {"model": "admin.logentry", "pk": 2, "fields": {"action_time": "2022-10-20T11:19:44.553Z", "user": 2, "content_type": 12, "object_id": "3", "object_repr": "faycal", "action_flag": 3, "change_message": ""}}, {"model": "admin.logentry", "pk": 3, "fields": {"action_time": "2022-10-20T11:22:03.163Z", "user": 2, "content_type": 12, "object_id": "4", "object_repr": "faycal", "action_flag": 3, "change_message": ""}}, {"model": "admin.logentry", "pk": 4, "fields": {"action_time": "2022-10-20T11:23:58.772Z", "user": 2, "content_type": 12, "object_id": "5", "object_repr": "faycal", "action_flag": 3, "change_message": ""}}, {"model": "admin.logentry", "pk": 5, "fields": {"action_time": "2022-10-20T11:25:54.005Z", "user": 2, "content_type": 12, "object_id": "6", "object_repr": "faycal", "action_flag": 3, "change_message": ""}}, {"model": "admin.logentry", "pk": 6, "fields": {"action_time": "2022-10-20T11:28:08.573Z", "user": 2, "content_type": 12, "object_id": "7", "object_repr": "faycal", "action_flag": 3, "change_message": ""}}, {"model": "admin.logentry", "pk": 7, "fields": {"action_time": "2022-10-20T11:31:25.915Z", "user": 2, "content_type": 12, "object_id": "8", "object_repr": "faycal", "action_flag": 3, "change_message": ""}}, {"model": "admin.logentry", "pk": 8, "fields": {"action_time": "2022-10-20T11:41:54.877Z", "user": 2, "content_type": 12, "object_id": "9", "object_repr": "faycal", "action_flag": 3, "change_message": ""}}, {"model": "admin.logentry", "pk": 9, "fields": {"action_time": "2022-10-20T11:47:48.476Z", "user": 2, "content_type": 12, "object_id": "10", "object_repr": "faycal", "action_flag": 3, "change_message": ""}}, {"model": "admin.logentry", "pk": 10, "fields": {"action_time": "2022-10-20T11:48:23.971Z", "user": 2, "content_type": 12, "object_id": "11", "object_repr": "faycal", "action_flag": 3, "change_message": ""}}, {"model": "admin.logentry", "pk": 11, "fields": {"action_time": "2022-10-20T11:54:32.481Z", "user": 2, "content_type": 12, "object_id": "12", "object_repr": "faycal", "action_flag": 3, "change_message": ""}}, {"model": "admin.logentry", "pk": 12, "fields": {"action_time": "2022-10-20T11:55:09.311Z", "user": 2, "content_type": 12, "object_id": "13", "object_repr": "faycal", "action_flag": 3, "change_message": ""}}, {"model": "admin.logentry", "pk": 13, "fields": {"action_time": "2022-10-20T12:35:16.425Z", "user": 2, "content_type": 12, "object_id": "14", "object_repr": "faycal", "action_flag": 3, "change_message": ""}}, {"model": "admin.logentry", "pk": 14, "fields": {"action_time": "2022-10-20T12:43:30.151Z", "user": 2, "content_type": 12, "object_id": "15", "object_repr": "faycal", "action_flag": 3, "change_message": ""}}, {"model": "admin.logentry", "pk": 15, "fields": {"action_time": "2022-10-20T12:49:17.488Z", "user": 2, "content_type": 12, "object_id": "16", "object_repr": "faycal", "action_flag": 3, "change_message": ""}}, {"model": "admin.logentry", "pk": 16, "fields": {"action_time": "2022-10-20T12:51:02.216Z", "user": 2, "content_type": 12, "object_id": "17", "object_repr": "faycal", "action_flag": 3, "change_message": ""}}, {"model": "admin.logentry", "pk": 17, "fields": {"action_time": "2022-10-20T12:52:08.857Z", "user": 2, "content_type": 12, "object_id": "18", "object_repr": "faycal", "action_flag": 3, "change_message": ""}}, {"model": "admin.logentry", "pk": 18, "fields": {"action_time": "2022-10-20T12:55:10.292Z", "user": 2, "content_type": 12, "object_id": "19", "object_repr": "faycal", "action_flag": 3, "change_message": ""}}, {"model": "admin.logentry", "pk": 19, "fields": {"action_time": "2022-10-20T12:56:55.321Z", "user": 2, "content_type": 12, "object_id": "20", "object_repr": "faycal", "action_flag": 3, "change_message": ""}}, {"model": "admin.logentry", "pk": 20, "fields": {"action_time": "2022-10-20T13:01:08.292Z", "user": 2, "content_type": 12, "object_id": "21", "object_repr": "faycal", "action_flag": 3, "change_message": ""}}, {"model": "admin.logentry", "pk": 21, "fields": {"action_time": "2022-10-20T13:02:57.904Z", "user": 2, "content_type": 12, "object_id": "22", "object_repr": "faycal", "action_flag": 3, "change_message": ""}}, {"model": "admin.logentry", "pk": 22, "fields": {"action_time": "2022-10-20T13:04:40.066Z", "user": 2, "content_type": 12, "object_id": "23", "object_repr": "faycal", "action_flag": 3, "change_message": ""}}, {"model": "admin.logentry", "pk": 23, "fields": {"action_time": "2022-10-21T15:11:18.681Z", "user": 2, "content_type": 12, "object_id": "25", "object_repr": "faycal2", "action_flag": 3, "change_message": ""}}, {"model": "admin.logentry", "pk": 24, "fields": {"action_time": "2022-10-21T15:20:46.066Z", "user": 2, "content_type": 12, "object_id": "26", "object_repr": "faycal2", "action_flag": 3, "change_message": ""}}, {"model": "admin.logentry", "pk": 25, "fields": {"action_time": "2022-10-21T15:21:22.488Z", "user": 2, "content_type": 12, "object_id": "27", "object_repr": "faycal2", "action_flag": 3, "change_message": ""}}, {"model": "admin.logentry", "pk": 26, "fields": {"action_time": "2022-10-21T15:23:01.238Z", "user": 2, "content_type": 12, "object_id": "28", "object_repr": "faycal2", "action_flag": 3, "change_message": ""}}, {"model": "admin.logentry", "pk": 27, "fields": {"action_time": "2022-10-23T23:22:35.915Z", "user": 2, "content_type": 6, "object_id": "1", "object_repr": "Electronics", "action_flag": 1, "change_message": "[{\"added\": {}}]"}}, {"model": "admin.logentry", "pk": 28, "fields": {"action_time": "2022-10-23T23:23:10.364Z", "user": 2, "content_type": 6, "object_id": "2", "object_repr": "PC's", "action_flag": 1, "change_message": "[{\"added\": {}}]"}}, {"model": "admin.logentry", "pk": 29, "fields": {"action_time": "2022-10-23T23:23:25.187Z", "user": 2, "content_type": 6, "object_id": "3", "object_repr": "Phones", "action_flag": 1, "change_message": "[{\"added\": {}}]"}}, {"model": "admin.logentry", "pk": 30, "fields": {"action_time": "2022-10-23T23:23:43.254Z", "user": 2, "content_type": 6, "object_id": "4", "object_repr": "Android", "action_flag": 1, "change_message": "[{\"added\": {}}]"}}, {"model": "admin.logentry", "pk": 31, "fields": {"action_time": "2022-10-24T00:15:58.548Z", "user": 2, "content_type": 9, "object_id": "1", "object_repr": "Phone", "action_flag": 1, "change_message": "[{\"added\": {}}, {\"added\": {\"name\": \"Product Specification\", \"object\": \"RAM\"}}, {\"added\": {\"name\": \"Product Specification\", \"object\": \"DISC\"}}, {\"added\": {\"name\": \"Product Specification\", \"object\": \"CAMERA\"}}]"}}, {"model": "admin.logentry", "pk": 32, "fields": {"action_time": "2022-10-24T00:19:00.935Z", "user": 2, "content_type": 7, "object_id": "1", "object_repr": "Iphone 11", "action_flag": 1, "change_message": "[{\"added\": {}}, {\"added\": {\"name\": \"Product Specification Value\", \"object\": \"4\"}}, {\"added\": {\"name\": \"Product Specification Value\", \"object\": \"128\"}}, {\"added\": {\"name\": \"Product Specification Value\", \"object\": \"12 pixel\"}}, {\"added\": {\"name\": \"Product Image\", \"object\": \"ProductImage object (1)\"}}]"}}, {"model": "admin.logentry", "pk": 33, "fields": {"action_time": "2022-10-26T13:08:27.007Z", "user": 2, "content_type": 7, "object_id": "1", "object_repr": "Iphone 11", "action_flag": 3, "change_message": ""}}, {"model": "admin.logentry", "pk": 34, "fields": {"action_time": "2022-10-26T13:09:02.836Z", "user": 2, "content_type": 6, "object_id": "5", "object_repr": "IOS", "action_flag": 1, "change_message": "[{\"added\": {}}]"}}, {"model": "admin.logentry", "pk": 35, "fields": {"action_time": "2022-10-26T13:10:03.766Z", "user": 2, "content_type": 6, "object_id": "6", "object_repr": "Mac", "action_flag": 1, "change_message": "[{\"added\": {}}]"}}, {"model": "admin.logentry", "pk": 36, "fields": {"action_time": "2022-10-26T13:10:35.971Z", "user": 2, "content_type": 6, "object_id": "7", "object_repr": "Keyboard", "action_flag": 1, "change_message": "[{\"added\": {}}]"}}, {"model": "admin.logentry", "pk": 37, "fields": {"action_time": "2022-10-26T13:11:37.292Z", "user": 2, "content_type": 6, "object_id": "8", "object_repr": "Mouses", "action_flag": 1, "change_message": "[{\"added\": {}}]"}}, {"model": "admin.logentry", "pk": 38, "fields": {"action_time": "2022-10-26T13:12:29.017Z", "user": 2, "content_type": 9, "object_id": "2", "object_repr": "Pc", "action_flag": 1, "change_message": "[{\"added\": {}}]"}}, {"model": "admin.logentry", "pk": 39, "fields": {"action_time": "2022-10-26T13:12:44.412Z", "user": 2, "content_type": 9, "object_id": "2", "object_repr": "Pc", "action_flag": 2, "change_message": "[{\"added\": {\"name\": \"Product Specification\", \"object\": \"RAM\"}}, {\"added\": {\"name\": \"Product Specification\", \"object\": \"DISC\"}}, {\"added\": {\"name\": \"Product Specification\", \"object\": \"PROCESSOR\"}}]"}}, {"model": "admin.logentry", "pk": 40, "fields": {"action_time": "2022-10-26T13:14:00.284Z", "user": 2, "content_type": 9, "object_id": "3", "object_repr": "Accessories", "action_flag": 1, "change_message": "[{\"added\": {}}, {\"added\": {\"name\": \"Product Specification\", \"object\": \"color\"}}]"}}, {"model": "admin.logentry", "pk": 41, "fields": {"action_time": "2022-10-26T13:15:51.428Z", "user": 2, "content_type": 9, "object_id": "1", "object_repr": "Phone", "action_flag": 2, "change_message": "[{\"added\": {\"name\": \"Product Specification\", \"object\": \"COLOR\"}}]"}}, {"model": "admin.logentry", "pk": 42, "fields": {"action_time": "2022-10-26T13:15:59.272Z", "user": 2, "content_type": 9, "object_id": "2", "object_repr": "Pc", "action_flag": 2, "change_message": "[{\"added\": {\"name\": \"Product Specification\", \"object\": \"COLOR\"}}]"}}, {"model": "admin.logentry", "pk": 43, "fields": {"action_time": "2022-10-26T13:23:50.067Z", "user": 2, "content_type": 7, "object_id": "2", "object_repr": "Apple iPhone 11", "action_flag": 1, "change_message": "[{\"added\": {}}, {\"added\": {\"name\": \"Product Specification Value\", \"object\": \"4\"}}, {\"added\": {\"name\": \"Product Specification Value\", \"object\": \"64\"}}, {\"added\": {\"name\": \"Product Specification Value\", \"object\": \"12 pixel\"}}, {\"added\": {\"name\": \"Product Specification Value\", \"object\": \"Black\"}}, {\"added\": {\"name\": \"Product Image\", \"object\": \"ProductImage object (2)\"}}, {\"added\": {\"name\": \"Product Image\", \"object\": \"ProductImage object (3)\"}}]"}}, {"model": "admin.logentry", "pk": 44, "fields": {"action_time": "2022-10-26T13:34:24.698Z", "user": 2, "content_type": 7, "object_id": "3", "object_repr": "OnePlus 7 Pro", "action_flag": 1, "change_message": "[{\"added\": {}}, {\"added\": {\"name\": \"Product Specification Value\", \"object\": \"4\"}}, {\"added\": {\"name\": \"Product Specification Value\", \"object\": \"128\"}}, {\"added\": {\"name\": \"Product Specification Value\", \"object\": \"12 pixel\"}}, {\"added\": {\"name\": \"Product Specification Value\", \"object\": \"Black\"}}, {\"added\": {\"name\": \"Product Image\", \"object\": \"ProductImage object (4)\"}}, {\"added\": {\"name\": \"Product Image\", \"object\": \"ProductImage object (5)\"}}, {\"added\": {\"name\": \"Product Image\", \"object\": \"ProductImage object (6)\"}}]"}}, {"model": "admin.logentry", "pk": 45, "fields": {"action_time": "2022-10-26T13:35:49.602Z", "user": 2, "content_type": 9, "object_id": "2", "object_repr": "Pc", "action_flag": 2, "change_message": "[{\"added\": {\"name\": \"Product Specification\", \"object\": \"SCREEN SIZE\"}}]"}}, {"model": "admin.logentry", "pk": 46, "fields": {"action_time": "2022-10-26T13:40:50.286Z", "user": 2, "content_type": 7, "object_id": "4", "object_repr": "Apple iMac", "action_flag": 1, "change_message": "[{\"added\": {}}, {\"added\": {\"name\": \"Product Specification Value\", \"object\": \"Grey\"}}, {\"added\": {\"name\": \"Product Specification Value\", \"object\": \"27 INCH\"}}, {\"added\": {\"name\": \"Product Image\", \"object\": \"ProductImage object (7)\"}}, {\"added\": {\"name\": \"Product Image\", \"object\": \"ProductImage object (8)\"}}]"}}, {"model": "admin.logentry", "pk": 47, "fields": {"action_time": "2022-10-26T13:43:27.366Z", "user": 2, "content_type": 7, "object_id": "5", "object_repr": "VicTsing Wireless Mouse", "action_flag": 1, "change_message": "[{\"added\": {}}, {\"added\": {\"name\": \"Product Specification Value\", \"object\": \"Blue\"}}, {\"added\": {\"name\": \"Product Image\", \"object\": \"ProductImage object (9)\"}}]"}}, {"model": "admin.logentry", "pk": 48, "fields": {"action_time": "2022-10-26T13:48:43.987Z", "user": 2, "content_type": 7, "object_id": "3", "object_repr": "OnePlus 7 Pro", "action_flag": 2, "change_message": "[{\"changed\": {\"name\": \"Product Image\", \"object\": \"ProductImage object (4)\", \"fields\": [\"Image\"]}}, {\"changed\": {\"name\": \"Product Image\", \"object\": \"ProductImage object (5)\", \"fields\": [\"Image\"]}}, {\"changed\": {\"name\": \"Product Image\", \"object\": \"ProductImage object (6)\", \"fields\": [\"Image\"]}}]"}}, {"model": "auth.permission", "pk": 1, "fields": {"name": "Can add log entry", "content_type": 1, "codename": "add_logentry"}}, {"model": "auth.permission", "pk": 2, "fields": {"name": "Can change log entry", "content_type": 1, "codename": "change_logentry"}}, {"model": "auth.permission", "pk": 3, "fields": {"name": "Can delete log entry", "content_type": 1, "codename": "delete_logentry"}}, {"model": "auth.permission", "pk": 4, "fields": {"name": "Can view log entry", "content_type": 1, "codename": "view_logentry"}}, {"model": "auth.permission", "pk": 5, "fields": {"name": "Can add permission", "content_type": 2, "codename": "add_permission"}}, {"model": "auth.permission", "pk": 6, "fields": {"name": "Can change permission", "content_type": 2, "codename": "change_permission"}}, {"model": "auth.permission", "pk": 7, "fields": {"name": "Can delete permission", "content_type": 2, "codename": "delete_permission"}}, {"model": "auth.permission", "pk": 8, "fields": {"name": "Can view permission", "content_type": 2, "codename": "view_permission"}}, {"model": "auth.permission", "pk": 9, "fields": {"name": "Can add group", "content_type": 3, "codename": "add_group"}}, {"model": "auth.permission", "pk": 10, "fields": {"name": "Can change group", "content_type": 3, "codename": "change_group"}}, {"model": "auth.permission", "pk": 11, "fields": {"name": "Can delete group", "content_type": 3, "codename": "delete_group"}}, {"model": "auth.permission", "pk": 12, "fields": {"name": "Can view group", "content_type": 3, "codename": "view_group"}}, {"model": "auth.permission", "pk": 13, "fields": {"name": "Can add content type", "content_type": 4, "codename": "add_contenttype"}}, {"model": "auth.permission", "pk": 14, "fields": {"name": "Can change content type", "content_type": 4, "codename": "change_contenttype"}}, {"model": "auth.permission", "pk": 15, "fields": {"name": "Can delete content type", "content_type": 4, "codename": "delete_contenttype"}}, {"model": "auth.permission", "pk": 16, "fields": {"name": "Can view content type", "content_type": 4, "codename": "view_contenttype"}}, {"model": "auth.permission", "pk": 17, "fields": {"name": "Can add session", "content_type": 5, "codename": "add_session"}}, {"model": "auth.permission", "pk": 18, "fields": {"name": "Can change session", "content_type": 5, "codename": "change_session"}}, {"model": "auth.permission", "pk": 19, "fields": {"name": "Can delete session", "content_type": 5, "codename": "delete_session"}}, {"model": "auth.permission", "pk": 20, "fields": {"name": "Can view session", "content_type": 5, "codename": "view_session"}}, {"model": "auth.permission", "pk": 21, "fields": {"name": "Can add Category", "content_type": 6, "codename": "add_category"}}, {"model": "auth.permission", "pk": 22, "fields": {"name": "Can change Category", "content_type": 6, "codename": "change_category"}}, {"model": "auth.permission", "pk": 23, "fields": {"name": "Can delete Category", "content_type": 6, "codename": "delete_category"}}, {"model": "auth.permission", "pk": 24, "fields": {"name": "Can view Category", "content_type": 6, "codename": "view_category"}}, {"model": "auth.permission", "pk": 25, "fields": {"name": "Can add Product", "content_type": 7, "codename": "add_product"}}, {"model": "auth.permission", "pk": 26, "fields": {"name": "Can change Product", "content_type": 7, "codename": "change_product"}}, {"model": "auth.permission", "pk": 27, "fields": {"name": "Can delete Product", "content_type": 7, "codename": "delete_product"}}, {"model": "auth.permission", "pk": 28, "fields": {"name": "Can view Product", "content_type": 7, "codename": "view_product"}}, {"model": "auth.permission", "pk": 29, "fields": {"name": "Can add Product Specification", "content_type": 8, "codename": "add_productspecification"}}, {"model": "auth.permission", "pk": 30, "fields": {"name": "Can change Product Specification", "content_type": 8, "codename": "change_productspecification"}}, {"model": "auth.permission", "pk": 31, "fields": {"name": "Can delete Product Specification", "content_type": 8, "codename": "delete_productspecification"}}, {"model": "auth.permission", "pk": 32, "fields": {"name": "Can view Product Specification", "content_type": 8, "codename": "view_productspecification"}}, {"model": "auth.permission", "pk": 33, "fields": {"name": "Can add Product type", "content_type": 9, "codename": "add_producttype"}}, {"model": "auth.permission", "pk": 34, "fields": {"name": "Can change Product type", "content_type": 9, "codename": "change_producttype"}}, {"model": "auth.permission", "pk": 35, "fields": {"name": "Can delete Product type", "content_type": 9, "codename": "delete_producttype"}}, {"model": "auth.permission", "pk": 36, "fields": {"name": "Can view Product type", "content_type": 9, "codename": "view_producttype"}}, {"model": "auth.permission", "pk": 37, "fields": {"name": "Can add Product Specification Value", "content_type": 10, "codename": "add_productspecificationvalue"}}, {"model": "auth.permission", "pk": 38, "fields": {"name": "Can change Product Specification Value", "content_type": 10, "codename": "change_productspecificationvalue"}}, {"model": "auth.permission", "pk": 39, "fields": {"name": "Can delete Product Specification Value", "content_type": 10, "codename": "delete_productspecificationvalue"}}, {"model": "auth.permission", "pk": 40, "fields": {"name": "Can view Product Specification Value", "content_type": 10, "codename": "view_productspecificationvalue"}}, {"model": "auth.permission", "pk": 41, "fields": {"name": "Can add Product Image", "content_type": 11, "codename": "add_productimage"}}, {"model": "auth.permission", "pk": 42, "fields": {"name": "Can change Product Image", "content_type": 11, "codename": "change_productimage"}}, {"model": "auth.permission", "pk": 43, "fields": {"name": "Can delete Product Image", "content_type": 11, "codename": "delete_productimage"}}, {"model": "auth.permission", "pk": 44, "fields": {"name": "Can view Product Image", "content_type": 11, "codename": "view_productimage"}}, {"model": "auth.permission", "pk": 45, "fields": {"name": "Can add user", "content_type": 12, "codename": "add_user"}}, {"model": "auth.permission", "pk": 46, "fields": {"name": "Can change user", "content_type": 12, "codename": "change_user"}}, {"model": "auth.permission", "pk": 47, "fields": {"name": "Can delete user", "content_type": 12, "codename": "delete_user"}}, {"model": "auth.permission", "pk": 48, "fields": {"name": "Can view user", "content_type": 12, "codename": "view_user"}}, {"model": "auth.permission", "pk": 49, "fields": {"name": "Can add blacklisted token", "content_type": 13, "codename": "add_blacklistedtoken"}}, {"model": "auth.permission", "pk": 50, "fields": {"name": "Can change blacklisted token", "content_type": 13, "codename": "change_blacklistedtoken"}}, {"model": "auth.permission", "pk": 51, "fields": {"name": "Can delete blacklisted token", "content_type": 13, "codename": "delete_blacklistedtoken"}}, {"model": "auth.permission", "pk": 52, "fields": {"name": "Can view blacklisted token", "content_type": 13, "codename": "view_blacklistedtoken"}}, {"model": "auth.permission", "pk": 53, "fields": {"name": "Can add outstanding token", "content_type": 14, "codename": "add_outstandingtoken"}}, {"model": "auth.permission", "pk": 54, "fields": {"name": "Can change outstanding token", "content_type": 14, "codename": "change_outstandingtoken"}}, {"model": "auth.permission", "pk": 55, "fields": {"name": "Can delete outstanding token", "content_type": 14, "codename": "delete_outstandingtoken"}}, {"model": "auth.permission", "pk": 56, "fields": {"name": "Can view outstanding token", "content_type": 14, "codename": "view_outstandingtoken"}}, {"model": "auth.permission", "pk": 57, "fields": {"name": "Can add items", "content_type": 15, "codename": "add_items"}}, {"model": "auth.permission", "pk": 58, "fields": {"name": "Can change items", "content_type": 15, "codename": "change_items"}}, {"model": "auth.permission", "pk": 59, "fields": {"name": "Can delete items", "content_type": 15, "codename": "delete_items"}}, {"model": "auth.permission", "pk": 60, "fields": {"name": "Can view items", "content_type": 15, "codename": "view_items"}}, {"model": "auth.permission", "pk": 61, "fields": {"name": "Can add order", "content_type": 16, "codename": "add_order"}}, {"model": "auth.permission", "pk": 62, "fields": {"name": "Can change order", "content_type": 16, "codename": "change_order"}}, {"model": "auth.permission", "pk": 63, "fields": {"name": "Can delete order", "content_type": 16, "codename": "delete_order"}}, {"model": "auth.permission", "pk": 64, "fields": {"name": "Can view order", "content_type": 16, "codename": "view_order"}}, {"model": "contenttypes.contenttype", "pk": 1, "fields": {"app_label": "admin", "model": "logentry"}}, {"model": "contenttypes.contenttype", "pk": 2, "fields": {"app_label": "auth", "model": "permission"}}, {"model": "contenttypes.contenttype", "pk": 3, "fields": {"app_label": "auth", "model": "group"}}, {"model": "contenttypes.contenttype", "pk": 4, "fields": {"app_label": "contenttypes", "model": "contenttype"}}, {"model": "contenttypes.contenttype", "pk": 5, "fields": {"app_label": "sessions", "model": "session"}}, {"model": "contenttypes.contenttype", "pk": 6, "fields": {"app_label": "store", "model": "category"}}, {"model": "contenttypes.contenttype", "pk": 7, "fields": {"app_label": "store", "model": "product"}}, {"model": "contenttypes.contenttype", "pk": 8, "fields": {"app_label": "store", "model": "productspecification"}}, {"model": "contenttypes.contenttype", "pk": 9, "fields": {"app_label": "store", "model": "producttype"}}, {"model": "contenttypes.contenttype", "pk": 10, "fields": {"app_label": "store", "model": "productspecificationvalue"}}, {"model": "contenttypes.contenttype", "pk": 11, "fields": {"app_label": "store", "model": "productimage"}}, {"model": "sessions.session", "pk": "5dn8i0xp6giguoc2hmdgdswwgltmnz9m", "fields": {"session_data": ".eJxVjMsOwiAQRf-FtSEUhpdL934DgYGRqoGktCvjv2uTLnR7zzn3xULc1hq2UZYwZ3Zmkp1-txTxUdoO8j22W-fY27rMie8KP-jg157L83K4fwc1jvqtFRjS3gsEFDaTS9onK5IBks5IAl_05Aikj1pBFEqDdBMJRYhSO4vs_QHEyDb2:1olVCF:MRpFvxL5q5ZH-SW0jtKXVlKMF4mAsAc6NJ-H01oYYdY", "expire_date": "2022-11-03T13:02:51.596Z"}}, {"model": "sessions.session", "pk": "nanj24dkc06swj9vtj4s6ubepfymh2fk", "fields": {"session_data": ".eJxVjMsOwiAQRf-FtSEUhpdL934DgYGRqoGktCvjv2uTLnR7zzn3xULc1hq2UZYwZ3Zmkp1-txTxUdoO8j22W-fY27rMie8KP-jg157L83K4fwc1jvqtFRjS3gsEFDaTS9onK5IBks5IAl_05Aikj1pBFEqDdBMJRYhSO4vs_QHEyDb2:1onUtm:5KxGU9LBUIllWDhD0zaJZMM4Ynnzj6YNaueEqzQi9HA", "expire_date": "2022-11-09T01:08:02.927Z"}}, {"model": "store.category", "pk": 1, "fields": {"name": "Electronics", "slug": "electronic", "parent": null, "is_active": true, "lft": 1, "rght": 16, "tree_id": 1, "level": 0}}, {"model": "store.category", "pk": 2, "fields": {"name": "PC's", "slug": "pc", "parent": 1, "is_active": true, "lft": 2, "rght": 9, "tree_id": 1, "level": 1}}, {"model": "store.category", "pk": 3, "fields": {"name": "Phones", "slug": "phones", "parent": 1, "is_active": true, "lft": 10, "rght": 15, "tree_id": 1, "level": 1}}, {"model": "store.category", "pk": 4, "fields": {"name": "Android", "slug": "android", "parent": 3, "is_active": true, "lft": 11, "rght": 12, "tree_id": 1, "level": 2}}, {"model": "store.category", "pk": 5, "fields": {"name": "IOS", "slug": "ios", "parent": 3, "is_active": true, "lft": 13, "rght": 14, "tree_id": 1, "level": 2}}, {"model": "store.category", "pk": 6, "fields": {"name": "Mac", "slug": "mac", "parent": 2, "is_active": true, "lft": 5, "rght": 6, "tree_id": 1, "level": 2}}, {"model": "store.category", "pk": 7, "fields": {"name": "Keyboard", "slug": "keyboard", "parent": 2, "is_active": true, "lft": 3, "rght": 4, "tree_id": 1, "level": 2}}, {"model": "store.category", "pk": 8, "fields": {"name": "Mouses", "slug": "mouse", "parent": 2, "is_active": true, "lft": 7, "rght": 8, "tree_id": 1, "level": 2}}, {"model": "store.producttype", "pk": 1, "fields": {"name": "Phone", "is_active": true}}, {"model": "store.producttype", "pk": 2, "fields": {"name": "Pc", "is_active": true}}, {"model": "store.producttype", "pk": 3, "fields": {"name": "Accessories", "is_active": true}}, {"model": "store.productspecification", "pk": 1, "fields": {"product_type": 1, "name": "RAM"}}, {"model": "store.productspecification", "pk": 2, "fields": {"product_type": 1, "name": "DISC"}}, {"model": "store.productspecification", "pk": 3, "fields": {"product_type": 1, "name": "CAMERA"}}, {"model": "store.productspecification", "pk": 4, "fields": {"product_type": 2, "name": "RAM"}}, {"model": "store.productspecification", "pk": 5, "fields": {"product_type": 2, "name": "DISC"}}, {"model": "store.productspecification", "pk": 6, "fields": {"product_type": 2, "name": "PROCESSOR"}}, {"model": "store.productspecification", "pk": 7, "fields": {"product_type": 3, "name": "color"}}, {"model": "store.productspecification", "pk": 8, "fields": {"product_type": 1, "name": "COLOR"}}, {"model": "store.productspecification", "pk": 9, "fields": {"product_type": 2, "name": "COLOR"}}, {"model": "store.productspecification", "pk": 10, "fields": {"product_type": 2, "name": "SCREEN SIZE"}}, {"model": "store.product", "pk": 2, "fields": {"product_type": 1, "category": 5, "title": "Apple iPhone 11", "description": "The Apple iPhone 11 is a great smartphone, which was loaded with a lot of quality features. It comes with a waterproof and dust proof body which is the key attraction of the device. The excellent set of cameras offer excellent images as well as capable of recording crisp videos. However, expandable storage and a fingerprint scanner would have made it a perfect option to go for around this price range.", "slug": "Apple-iPhone11", "regular_price": "669.99", "discount_price": "0.00", "brand": "Apple", "rating_number": 250, "rating": "5.0", "is_active": true, "created_at": "2022-10-26T13:23:45.444Z", "updated_at": "2022-10-26T13:23:45.444Z", "users_wishlist": [24]}}, {"model": "store.product", "pk": 3, "fields": {"product_type": 1, "category": 4, "title": "OnePlus 7 Pro", "description": "The OnePlus 7 Pro features a brand new design, with a glass back and front and curved sides. The phone feels very premium butÆs itÆs also very heavy. The Nebula Blue variant looks slick but itÆs quite slippery, which makes single-handed use a real challenge. It has a massive 6.67-inch æFluid AMOLEDÆ display with a QHD+ resolution, 90Hz refresh rate and support for HDR 10+ content. The display produces vivid colours, deep blacks and has good viewing angles.", "slug": "Oneplus-7-Pro", "regular_price": "309.99", "discount_price": "0.00", "brand": "Philips", "rating_number": 22, "rating": "4.0", "is_active": true, "created_at": "2022-10-26T13:34:24.682Z", "updated_at": "2022-10-26T13:48:41.923Z", "users_wishlist": [24]}}, {"model": "store.product", "pk": 4, "fields": {"product_type": 2, "category": 2, "title": "Apple iMac", "description": "The all-in-one for all. If you can dream it, you can do it on iMac. ItÆs beautifully & incredibly intuitive and packed with tools that let you take any idea to the next level. And the new 27-inch model elevates the experience in way, with faster processors and graphics, expanded memory and storage, enhanced audio and video capabilities, and an even more stunning Retina 5K display. ItÆs the desktop that does it all ù better and faster than ever.", "slug": "Apple-iMac", "regular_price": "999.99", "discount_price": "0.00", "brand": "Apple", "rating_number": 25, "rating": "4.7", "is_active": true, "created_at": "2022-10-26T13:40:46.568Z", "updated_at": "2022-10-26T13:40:46.568Z", "users_wishlist": [24]}}, {"model": "store.product", "pk": 5, "fields": {"product_type": 3, "category": 8, "title": "VicTsing Wireless Mouse", "description": "After thousands of samples of palm data, we designed this ergonomic mouse. The laptop mouse has a streamlined arc and thumb rest to help reduce the stress caused by prolonged use of the laptop mouse.", "slug": "victsing-wireless-mouse", "regular_price": "12.99", "discount_price": "0.00", "brand": "VicTsing", "rating_number": 10, "rating": "4.3", "is_active": true, "created_at": "2022-10-26T13:43:26.358Z", "updated_at": "2022-10-26T13:43:26.358Z", "users_wishlist": []}}, {"model": "store.productspecificationvalue", "pk": 4, "fields": {"product": 2, "specification": 1, "value": "4"}}, {"model": "store.productspecificationvalue", "pk": 5, "fields": {"product": 2, "specification": 2, "value": "64"}}, {"model": "store.productspecificationvalue", "pk": 6, "fields": {"product": 2, "specification": 3, "value": "12 pixel"}}, {"model": "store.productspecificationvalue", "pk": 7, "fields": {"product": 2, "specification": 8, "value": "Black"}}, {"model": "store.productspecificationvalue", "pk": 8, "fields": {"product": 3, "specification": 1, "value": "4"}}, {"model": "store.productspecificationvalue", "pk": 9, "fields": {"product": 3, "specification": 2, "value": "128"}}, {"model": "store.productspecificationvalue", "pk": 10, "fields": {"product": 3, "specification": 3, "value": "12 pixel"}}, {"model": "store.productspecificationvalue", "pk": 11, "fields": {"product": 3, "specification": 8, "value": "Black"}}, {"model": "store.productspecificationvalue", "pk": 12, "fields": {"product": 4, "specification": 8, "value": "Grey"}}, {"model": "store.productspecificationvalue", "pk": 13, "fields": {"product": 4, "specification": 10, "value": "27 INCH"}}, {"model": "store.productspecificationvalue", "pk": 14, "fields": {"product": 5, "specification": 8, "value": "Blue"}}, {"model": "store.productimage", "pk": 2, "fields": {"product": 2, "image": "media/Products/Apple-iPhone11/Daco_4502949_zmx4is", "alt_text": "Iphone", "is_feature": true, "created_at": "2022-10-26T13:23:49.347Z", "updated_at": "2022-10-26T13:23:49.347Z"}}, {"model": "store.productimage", "pk": 3, "fields": {"product": 2, "image": "media/Products/Apple-iPhone11/5e90a856c7c8f9000434dd97_rhbsqv", "alt_text": "Iphone", "is_feature": false, "created_at": "2022-10-26T13:23:50.067Z", "updated_at": "2022-10-26T13:23:50.067Z"}}, {"model": "store.productimage", "pk": 4, "fields": {"product": 3, "image": "media/Products/Oneplus-7-Pro/oneplus-7-pro-5g-l300-300x300_zlalrf", "alt_text": "one plus", "is_feature": true, "created_at": "2022-10-26T13:34:24.698Z", "updated_at": "2022-10-26T13:48:42.445Z"}}, {"model": "store.productimage", "pk": 5, "fields": {"product": 3, "image": "media/Products/Oneplus-7-Pro/0001660335_jerhjy", "alt_text": "one plus", "is_feature": false, "created_at": "2022-10-26T13:34:24.698Z", "updated_at": "2022-10-26T13:48:43.060Z"}}, {"model": "store.productimage", "pk": 6, "fields": {"product": 3, "image": "media/Products/Oneplus-7-Pro/0001660336_owom5w", "alt_text": "one plus", "is_feature": false, "created_at": "2022-10-26T13:34:24.698Z", "updated_at": "2022-10-26T13:48:43.987Z"}}, {"model": "store.productimage", "pk": 7, "fields": {"product": 4, "image": "media/Products/Apple-iMac/pngegg_ww9o0s", "alt_text": "Apple iMac", "is_feature": false, "created_at": "2022-10-26T13:40:49.259Z", "updated_at": "2022-10-26T13:40:49.259Z"}}, {"model": "store.productimage", "pk": 8, "fields": {"product": 4, "image": "media/Products/Apple-iMac/pngwing.com_5_cdjgqr", "alt_text": "Apple iMac", "is_feature": false, "created_at": "2022-10-26T13:40:50.286Z", "updated_at": "2022-10-26T13:40:50.286Z"}}, {"model": "store.productimage", "pk": 9, "fields": {"product": 5, "image": "media/Products/victsing-wireless-mouse/27.6e221366_jsxsyf", "alt_text": null, "is_feature": false, "created_at": "2022-10-26T13:43:27.366Z", "updated_at": "2022-10-26T13:43:27.366Z"}}, {"model": "cart.order", "pk": 1, "fields": {"user": 24, "created": "2022-11-01T23:08:53.900Z", "updated": "2022-11-05T16:05:27.538Z", "total_price": "979.98", "billing_status": true}}, {"model": "cart.order", "pk": 2, "fields": {"user": 24, "created": "2022-11-05T16:20:31.720Z", "updated": "2022-11-06T14:39:11.495Z", "total_price": "1348.95", "billing_status": true}}, {"model": "cart.order", "pk": 3, "fields": {"user": 24, "created": "2022-11-07T01:14:45.726Z", "updated": "2022-11-07T01:15:16.590Z", "total_price": "1599.96", "billing_status": true}}, {"model": "cart.order", "pk": 4, "fields": {"user": 24, "created": "2022-11-07T01:21:19.945Z", "updated": "2022-11-07T01:21:45.284Z", "total_price": "1339.98", "billing_status": true}}, {"model": "cart.order", "pk": 5, "fields": {"user": 24, "created": "2022-11-07T01:27:22.741Z", "updated": "2022-11-07T01:29:00.256Z", "total_price": "1999.98", "billing_status": true}}, {"model": "cart.order", "pk": 6, "fields": {"user": 24, "created": "2022-11-07T01:38:31.156Z", "updated": "2022-11-07T01:41:47.856Z", "total_price": "1025.97", "billing_status": true}}, {"model": "cart.order", "pk": 7, "fields": {"user": 24, "created": "2022-11-07T01:53:01.985Z", "updated": "2022-11-07T01:53:01.985Z", "total_price": "12.99", "billing_status": false}}, {"model": "cart.items", "pk": 14, "fields": {"order": 1, "product": 3, "price": "309.99", "quantity": 1}}, {"model": "cart.items", "pk": 18, "fields": {"order": 1, "product": 2, "price": "669.99", "quantity": 1}}, {"model": "cart.items", "pk": 20, "fields": {"order": 2, "product": 5, "price": "12.99", "quantity": 3}}, {"model": "cart.items", "pk": 21, "fields": {"order": 2, "product": 4, "price": "999.99", "quantity": 1}}, {"model": "cart.items", "pk": 22, "fields": {"order": 2, "product": 3, "price": "309.99", "quantity": 1}}, {"model": "cart.items", "pk": 23, "fields": {"order": 3, "product": 3, "price": "309.99", "quantity": 3}}, {"model": "cart.items", "pk": 24, "fields": {"order": 3, "product": 2, "price": "669.99", "quantity": 1}}, {"model": "cart.items", "pk": 26, "fields": {"order": 4, "product": 2, "price": "669.99", "quantity": 2}}, {"model": "cart.items", "pk": 27, "fields": {"order": 5, "product": 4, "price": "999.99", "quantity": 2}}, {"model": "cart.items", "pk": 29, "fields": {"order": 6, "product": 4, "price": "999.99", "quantity": 1}}, {"model": "cart.items", "pk": 30, "fields": {"order": 6, "product": 5, "price": "12.99", "quantity": 2}}, {"model": "cart.items", "pk": 31, "fields": {"order": 7, "product": 5, "price": "12.99", "quantity": 1}}, {"model": "account.user", "pk": 2, "fields": {"password": "pbkdf2_sha256$390000$oR5SQ81S4otNTSDDw2YZhv$IhiVMcvvqW0lwWvUV4zwlJcoWsjhRWDJowgWEQGKn/Q=", "last_login": "2022-10-26T01:08:02.912Z", "is_superuser": true, "email": "f.elmogherbi@esi-sba.dz", "user_name": "faycal111", "full_name": "fay moh ", "start_date": "2022-10-20T11:09:28.836Z", "is_staff": true, "is_active": true, "is_verified": false, "groups": [], "user_permissions": []}}, {"model": "account.user", "pk": 24, "fields": {"password": "pbkdf2_sha256$390000$Q5rEjIy4wqAVfh8nvKAYcE$6WPbVW94GsJ0vtx55y7rjPtlPfgWNRhttnByGppEJEs=", "last_login": null, "is_superuser": false, "email": "m.elmogherbi@esi-sba.dz", "user_name": "faycal", "full_name": "faycal elmogherbi", "start_date": "2022-10-20T13:04:45.835Z", "is_staff": false, "is_active": true, "is_verified": true, "groups": [], "user_permissions": []}}, {"model": "account.user", "pk": 29, "fields": {"password": "pbkdf2_sha256$390000$P0so4JZB8TscRvPL5p0pkp$eWr+RPtJ3Uc47GyEHDI6MG4HmELJcp27VIgsOUOB1b4=", "last_login": null, "is_superuser": false, "email": "faycall.elmogherbi@gmail.com", "user_name": "faycal2", "full_name": "faycal elmogherbi", "start_date": "2022-10-21T15:23:37.484Z", "is_staff": false, "is_active": true, "is_verified": false, "groups": [], "user_permissions": []}}, {"model": "token_blacklist.outstandingtoken", "pk": 1, "fields": {"user": null, "jti": "3d7ecbd5cfd94c24a500e471f665a675", "token": "eyJhbGciOiJIUzI1NiIsInR5cCI6IkpXVCJ9.eyJ0b2tlbl90eXBlIjoicmVmcmVzaCIsImV4cCI6MTY2NjM1MDI1OCwiaWF0IjoxNjY2MjYzODU4LCJqdGkiOiIzZDdlY2JkNWNmZDk0YzI0YTUwMGU0NzFmNjY1YTY3NSIsInVzZXJfaWQiOjF9.EOtF4RAThljy7SxZeFE6MlvKQWEDncLu2lpovlPNnAw", "created_at": "2022-10-20T11:04:18.958Z", "expires_at": "2022-10-21T11:04:18Z"}}, {"model": "token_blacklist.outstandingtoken", "pk": 2, "fields": {"user": null, "jti": "c254e977cc594ed2993d375ba582c776", "token": "eyJhbGciOiJIUzI1NiIsInR5cCI6IkpXVCJ9.eyJ0b2tlbl90eXBlIjoicmVmcmVzaCIsImV4cCI6MTY2NjM1MDg1NiwiaWF0IjoxNjY2MjY0NDU2LCJqdGkiOiJjMjU0ZTk3N2NjNTk0ZWQyOTkzZDM3NWJhNTgyYzc3NiIsInVzZXJfaWQiOjN9.trUA2qAKWyZyc_vY_eAIWuXt5hOEcyow7DoTN5dqhWc", "created_at": "2022-10-20T11:14:16.321Z", "expires_at": "2022-10-21T11:14:16Z"}}, {"model": "token_blacklist.outstandingtoken", "pk": 3, "fields": {"user": null, "jti": "28d5ca077c8e47fbbba037a9c2c5305f", "token": "eyJhbGciOiJIUzI1NiIsInR5cCI6IkpXVCJ9.eyJ0b2tlbl90eXBlIjoicmVmcmVzaCIsImV4cCI6MTY2NjM1MTE5NCwiaWF0IjoxNjY2MjY0Nzk0LCJqdGkiOiIyOGQ1Y2EwNzdjOGU0N2ZiYmJhMDM3YTljMmM1MzA1ZiIsInVzZXJfaWQiOjR9.jPp4y-6YDHml5izEgH0ZpQGTSl3CzqGT-iYJdsCaukc", "created_at": "2022-10-20T11:19:54.890Z", "expires_at": "2022-10-21T11:19:54Z"}}, {"model": "token_blacklist.outstandingtoken", "pk": 4, "fields": {"user": null, "jti": "0f8e0d7f37e442848406cf16da0c0a4f", "token": "eyJhbGciOiJIUzI1NiIsInR5cCI6IkpXVCJ9.eyJ0b2tlbl90eXBlIjoicmVmcmVzaCIsImV4cCI6MTY2NjM1MTM0NywiaWF0IjoxNjY2MjY0OTQ3LCJqdGkiOiIwZjhlMGQ3ZjM3ZTQ0Mjg0ODQwNmNmMTZkYTBjMGE0ZiIsInVzZXJfaWQiOjV9.LcTOWs5TsK1V3fY3ynSelQWtMmwxCIj04KNwrX5gyn8", "created_at": "2022-10-20T11:22:27.444Z", "expires_at": "2022-10-21T11:22:27Z"}}, {"model": "token_blacklist.outstandingtoken", "pk": 5, "fields": {"user": null, "jti": "ef0e2bc9d36e494cb1ad0b907fd8306d", "token": "eyJhbGciOiJIUzI1NiIsInR5cCI6IkpXVCJ9.eyJ0b2tlbl90eXBlIjoicmVmcmVzaCIsImV4cCI6MTY2NjM1MTQ0NywiaWF0IjoxNjY2MjY1MDQ3LCJqdGkiOiJlZjBlMmJjOWQzNmU0OTRjYjFhZDBiOTA3ZmQ4MzA2ZCIsInVzZXJfaWQiOjZ9.NmtXYaVTkdz9I1uakS3WFahJ47q4m7263F96v1MH9_k", "created_at": "2022-10-20T11:24:07.559Z", "expires_at": "2022-10-21T11:24:07Z"}}, {"model": "token_blacklist.outstandingtoken", "pk": 6, "fields": {"user": null, "jti": "cdb74a1dc3fa4167bbd8274879cafd8c", "token": "eyJhbGciOiJIUzI1NiIsInR5cCI6IkpXVCJ9.eyJ0b2tlbl90eXBlIjoicmVmcmVzaCIsImV4cCI6MTY2NjM1MTU1OCwiaWF0IjoxNjY2MjY1MTU4LCJqdGkiOiJjZGI3NGExZGMzZmE0MTY3YmJkODI3NDg3OWNhZmQ4YyIsInVzZXJfaWQiOjd9.kZfDgqNmNartCOP5_Cuh2iCM7b3O5rJdJllmbYdx_LY", "created_at": "2022-10-20T11:25:58.798Z", "expires_at": "2022-10-21T11:25:58Z"}}, {"model": "token_blacklist.outstandingtoken", "pk": 7, "fields": {"user": null, "jti": "5ad0c8e31600444e98fe29fe570ae76a", "token": "eyJhbGciOiJIUzI1NiIsInR5cCI6IkpXVCJ9.eyJ0b2tlbl90eXBlIjoicmVmcmVzaCIsImV4cCI6MTY2NjM1MTg1OCwiaWF0IjoxNjY2MjY1NDU4LCJqdGkiOiI1YWQwYzhlMzE2MDA0NDRlOThmZTI5ZmU1NzBhZTc2YSIsInVzZXJfaWQiOjh9.L1lDHxbvNvbtZqC5pxYpYKy-Yb8Ulh2OTnd6pUw4wTY", "created_at": "2022-10-20T11:30:58.292Z", "expires_at": "2022-10-21T11:30:58Z"}}, {"model": "token_blacklist.outstandingtoken", "pk": 8, "fields": {"user": null, "jti": "f2dea4c1abf14e26a75d19d7df6586d3", "token": "eyJhbGciOiJIUzI1NiIsInR5cCI6IkpXVCJ9.eyJ0b2tlbl90eXBlIjoicmVmcmVzaCIsImV4cCI6MTY2NjM1MjQ5MywiaWF0IjoxNjY2MjY2MDkzLCJqdGkiOiJmMmRlYTRjMWFiZjE0ZTI2YTc1ZDE5ZDdkZjY1ODZkMyIsInVzZXJfaWQiOjl9.erw61fqpU4TUxTN0E3alRUzDeTFR9LhCbN-C4zmhBPc", "created_at": "2022-10-20T11:41:33.580Z", "expires_at": "2022-10-21T11:41:33Z"}}, {"model": "token_blacklist.outstandingtoken", "pk": 9, "fields": {"user": null, "jti": "87073f93f4dd479ab602f53c4b5f97c6", "token": "eyJhbGciOiJIUzI1NiIsInR5cCI6IkpXVCJ9.eyJ0b2tlbl90eXBlIjoicmVmcmVzaCIsImV4cCI6MTY2NjM1MjYzNiwiaWF0IjoxNjY2MjY2MjM2LCJqdGkiOiI4NzA3M2Y5M2Y0ZGQ0NzlhYjYwMmY1M2M0YjVmOTdjNiIsInVzZXJfaWQiOjEwfQ.QprRvDGzszPGbpxyQJfpknB13QOheE5B6UaV91lhJFE", "created_at": "2022-10-20T11:43:56.665Z", "expires_at": "2022-10-21T11:43:56Z"}}, {"model": "token_blacklist.outstandingtoken", "pk": 10, "fields": {"user": null, "jti": "2e5bd8874d4e4b108deee6202c3abfbf", "token": "eyJhbGciOiJIUzI1NiIsInR5cCI6IkpXVCJ9.eyJ0b2tlbl90eXBlIjoicmVmcmVzaCIsImV4cCI6MTY2NjM1Mjg3MywiaWF0IjoxNjY2MjY2NDczLCJqdGkiOiIyZTViZDg4NzRkNGU0YjEwOGRlZWU2MjAyYzNhYmZiZiIsInVzZXJfaWQiOjExfQ.OX4IE_wYUECBuve2OMLalO4rhL7WJSbYzD4uVdbNguA", "created_at": "2022-10-20T11:47:53.459Z", "expires_at": "2022-10-21T11:47:53Z"}}, {"model": "token_blacklist.outstandingtoken", "pk": 11, "fields": {"user": null, "jti": "1fb6a880c29d4381b1fac11ef87499f9", "token": "eyJhbGciOiJIUzI1NiIsInR5cCI6IkpXVCJ9.eyJ0b2tlbl90eXBlIjoicmVmcmVzaCIsImV4cCI6MTY2NjM1MjkwOCwiaWF0IjoxNjY2MjY2NTA4LCJqdGkiOiIxZmI2YTg4MGMyOWQ0MzgxYjFmYWMxMWVmODc0OTlmOSIsInVzZXJfaWQiOjEyfQ.qkygrMptir7Oa145li8IK75wUVIibX2N1-s901Afezo", "created_at": "2022-10-20T11:48:28.858Z", "expires_at": "2022-10-21T11:48:28Z"}}, {"model": "token_blacklist.outstandingtoken", "pk": 12, "fields": {"user": null, "jti": "0b7784f2048e4a24a7180275d0070e55", "token": "eyJhbGciOiJIUzI1NiIsInR5cCI6IkpXVCJ9.eyJ0b2tlbl90eXBlIjoicmVmcmVzaCIsImV4cCI6MTY2NjM1MzI3NywiaWF0IjoxNjY2MjY2ODc3LCJqdGkiOiIwYjc3ODRmMjA0OGU0YTI0YTcxODAyNzVkMDA3MGU1NSIsInVzZXJfaWQiOjEzfQ.oV5DuRzBHkiLLEFWhE5PCOeN3XGmFept74jwydD9MkQ", "created_at": "2022-10-20T11:54:37.773Z", "expires_at": "2022-10-21T11:54:37Z"}}, {"model": "token_blacklist.outstandingtoken", "pk": 13, "fields": {"user": null, "jti": "ab5e9e5eef4f42dd90b448b07e53d803", "token": "eyJhbGciOiJIUzI1NiIsInR5cCI6IkpXVCJ9.eyJ0b2tlbl90eXBlIjoicmVmcmVzaCIsImV4cCI6MTY2NjM1MzMxNCwiaWF0IjoxNjY2MjY2OTE0LCJqdGkiOiJhYjVlOWU1ZWVmNGY0MmRkOTBiNDQ4YjA3ZTUzZDgwMyIsInVzZXJfaWQiOjE0fQ.Fpeu-067g5NZPi_l3-4voiRicR6lqV97zNkmDq5L1pc", "created_at": "2022-10-20T11:55:14.970Z", "expires_at": "2022-10-21T11:55:14Z"}}, {"model": "token_blacklist.outstandingtoken", "pk": 14, "fields": {"user": null, "jti": "469acb21a3bb4879947d8eb953a22362", "token": "eyJhbGciOiJIUzI1NiIsInR5cCI6IkpXVCJ9.eyJ0b2tlbl90eXBlIjoicmVmcmVzaCIsImV4cCI6MTY2NjM1NTczMCwiaWF0IjoxNjY2MjY5MzMwLCJqdGkiOiI0NjlhY2IyMWEzYmI0ODc5OTQ3ZDhlYjk1M2EyMjM2MiIsInVzZXJfaWQiOjE1fQ.z5fRvMnMHn-Z7plkClHjQlHj_bOAR2_HZvEpI2ELevg", "created_at": "2022-10-20T12:35:30.921Z", "expires_at": "2022-10-21T12:35:30Z"}}, {"model": "token_blacklist.outstandingtoken", "pk": 15, "fields": {"user": null, "jti": "8353fa835ffd48c7bfbfeb937526b038", "token": "eyJhbGciOiJIUzI1NiIsInR5cCI6IkpXVCJ9.eyJ0b2tlbl90eXBlIjoicmVmcmVzaCIsImV4cCI6MTY2NjM1NjIxOCwiaWF0IjoxNjY2MjY5ODE4LCJqdGkiOiI4MzUzZmE4MzVmZmQ0OGM3YmZiZmViOTM3NTI2YjAzOCIsInVzZXJfaWQiOjE2fQ.Xu53T60453c6ywsPgMEePEIptg1psl4TYSUoPNJVCYc", "created_at": "2022-10-20T12:43:38.434Z", "expires_at": "2022-10-21T12:43:38Z"}}, {"model": "token_blacklist.outstandingtoken", "pk": 16, "fields": {"user": null, "jti": "94514444a57f482794c3d350447d1197", "token": "eyJhbGciOiJIUzI1NiIsInR5cCI6IkpXVCJ9.eyJ0b2tlbl90eXBlIjoicmVmcmVzaCIsImV4cCI6MTY2NjM1NjU3OSwiaWF0IjoxNjY2MjcwMTc5LCJqdGkiOiI5NDUxNDQ0NGE1N2Y0ODI3OTRjM2QzNTA0NDdkMTE5NyIsInVzZXJfaWQiOjE3fQ.sa_gn-QzVNWC-0Ry5wH8WrBvx27sKEUe-erXgLJmPHI", "created_at": "2022-10-20T12:49:39.097Z", "expires_at": "2022-10-21T12:49:39Z"}}, {"model": "token_blacklist.outstandingtoken", "pk": 17, "fields": {"user": null, "jti": "0912206f362b44d1b223f11593397068", "token": "eyJhbGciOiJIUzI1NiIsInR5cCI6IkpXVCJ9.eyJ0b2tlbl90eXBlIjoicmVmcmVzaCIsImV4cCI6MTY2NjM1NjY5NSwiaWF0IjoxNjY2MjcwMjk1LCJqdGkiOiIwOTEyMjA2ZjM2MmI0NGQxYjIyM2YxMTU5MzM5NzA2OCIsInVzZXJfaWQiOjE4fQ.C_i2-AgVd8M6j4cjxX-StjMzn27FYa_VWYRMN6tACR8", "created_at": "2022-10-20T12:51:35.321Z", "expires_at": "2022-10-21T12:51:35Z"}}, {"model": "token_blacklist.outstandingtoken", "pk": 18, "fields": {"user": null, "jti": "47c2f9d60adc4a299edcbed84e6e60ef", "token": "eyJhbGciOiJIUzI1NiIsInR5cCI6IkpXVCJ9.eyJ0b2tlbl90eXBlIjoicmVmcmVzaCIsImV4cCI6MTY2NjM1Njc1MSwiaWF0IjoxNjY2MjcwMzUxLCJqdGkiOiI0N2MyZjlkNjBhZGM0YTI5OWVkY2JlZDg0ZTZlNjBlZiIsInVzZXJfaWQiOjE5fQ.hjbKKhsIQeTcEgigJ8Ndqiiy5Cja_V0g4zlN_KO_xuw", "created_at": "2022-10-20T12:52:31.369Z", "expires_at": "2022-10-21T12:52:31Z"}}, {"model": "token_blacklist.outstandingtoken", "pk": 19, "fields": {"user": null, "jti": "e42dfb6d08f64bfb9a511697966ec448", "token": "eyJhbGciOiJIUzI1NiIsInR5cCI6IkpXVCJ9.eyJ0b2tlbl90eXBlIjoicmVmcmVzaCIsImV4cCI6MTY2NjM1NjkyMywiaWF0IjoxNjY2MjcwNTIzLCJqdGkiOiJlNDJkZmI2ZDA4ZjY0YmZiOWE1MTE2OTc5NjZlYzQ0OCIsInVzZXJfaWQiOjIwfQ.prdwrWwqMOZjU13GjYQDq7DZd9LIr4SVYdD-HkX9NUk", "created_at": "2022-10-20T12:55:23.489Z", "expires_at": "2022-10-21T12:55:23Z"}}, {"model": "token_blacklist.outstandingtoken", "pk": 20, "fields": {"user": null, "jti": "a9bec2628d244e10a07bad8a36015b87", "token": "eyJhbGciOiJIUzI1NiIsInR5cCI6IkpXVCJ9.eyJ0b2tlbl90eXBlIjoicmVmcmVzaCIsImV4cCI6MTY2NjM1NzAyNSwiaWF0IjoxNjY2MjcwNjI1LCJqdGkiOiJhOWJlYzI2MjhkMjQ0ZTEwYTA3YmFkOGEzNjAxNWI4NyIsInVzZXJfaWQiOjIxfQ.LYwRK8JG1V9j4Qa_1T74Kn-Jvl4nh0D2GJWcE8t2nI4", "created_at": "2022-10-20T12:57:05.929Z", "expires_at": "2022-10-21T12:57:05Z"}}, {"model": "token_blacklist.outstandingtoken", "pk": 21, "fields": {"user": null, "jti": "326b343661144a399fe4c2b22a2d7310", "token": "eyJhbGciOiJIUzI1NiIsInR5cCI6IkpXVCJ9.eyJ0b2tlbl90eXBlIjoicmVmcmVzaCIsImV4cCI6MTY2NjM1NzI3NiwiaWF0IjoxNjY2MjcwODc2LCJqdGkiOiIzMjZiMzQzNjYxMTQ0YTM5OWZlNGMyYjIyYTJkNzMxMCIsInVzZXJfaWQiOjIyfQ.GZH_mj66suzAgeo8kq1cDY2D_kT_mkRP1wGB-RZXC1k", "created_at": "2022-10-20T13:01:16.031Z", "expires_at": "2022-10-21T13:01:16Z"}}, {"model": "token_blacklist.outstandingtoken", "pk": 22, "fields": {"user": null, "jti": "4ef56276bd224c92bd2b1d15879d25ea", "token": "eyJhbGciOiJIUzI1NiIsInR5cCI6IkpXVCJ9.eyJ0b2tlbl90eXBlIjoicmVmcmVzaCIsImV4cCI6MTY2NjM1NzM4OSwiaWF0IjoxNjY2MjcwOTg5LCJqdGkiOiI0ZWY1NjI3NmJkMjI0YzkyYmQyYjFkMTU4NzlkMjVlYSIsInVzZXJfaWQiOjIzfQ.vc5WfVTw58tj6JKll3teOdkHK_LJ_TZytRJZd65t4vw", "created_at": "2022-10-20T13:03:09.526Z", "expires_at": "2022-10-21T13:03:09Z"}}, {"model": "token_blacklist.outstandingtoken", "pk": 23, "fields": {"user": 24, "jti": "12d9b95060ab47ffa826f164c88ea76f", "token": "eyJhbGciOiJIUzI1NiIsInR5cCI6IkpXVCJ9.eyJ0b2tlbl90eXBlIjoicmVmcmVzaCIsImV4cCI6MTY2NjM1NzQ4NiwiaWF0IjoxNjY2MjcxMDg2LCJqdGkiOiIxMmQ5Yjk1MDYwYWI0N2ZmYTgyNmYxNjRjODhlYTc2ZiIsInVzZXJfaWQiOjI0fQ.XDX_5BCvdvTBLiv-_tyVRzA1ZTWapXha_LHniw9RP34", "created_at": "2022-10-20T13:04:46.340Z", "expires_at": "2022-10-21T13:04:46Z"}}, {"model": "token_blacklist.outstandingtoken", "pk": 24, "fields": {"user": 24, "jti": "3b2f72f69ab64f9d9ee7f4c47332c57d", "token": "eyJhbGciOiJIUzI1NiIsInR5cCI6IkpXVCJ9.eyJ0b2tlbl90eXBlIjoicmVmcmVzaCIsImV4cCI6MTY2NjM1NzYwMiwiaWF0IjoxNjY2MjcxMjAyLCJqdGkiOiIzYjJmNzJmNjlhYjY0ZjlkOWVlN2Y0YzQ3MzMyYzU3ZCIsInVzZXJfaWQiOjI0fQ.tmKK_B409nooGr_mMtmn50HVRFktq2RObJqv-dV_U_k", "created_at": "2022-10-20T13:06:42.741Z", "expires_at": "2022-10-21T13:06:42Z"}}, {"model": "token_blacklist.outstandingtoken", "pk": 25, "fields": {"user": 24, "jti": "c67ed268ca1a40febea11dfb2afb754f", "token": "eyJhbGciOiJIUzI1NiIsInR5cCI6IkpXVCJ9.eyJ0b2tlbl90eXBlIjoicmVmcmVzaCIsImV4cCI6MTY2NjM2MzEwNywiaWF0IjoxNjY2Mjc2NzA3LCJqdGkiOiJjNjdlZDI2OGNhMWE0MGZlYmVhMTFkZmIyYWZiNzU0ZiIsInVzZXJfaWQiOjI0fQ.RaUixkdhszLFY3kGFeDxAWwO5kaUGyv_8o-y3ectGnY", "created_at": "2022-10-20T14:38:27.385Z", "expires_at": "2022-10-21T14:38:27Z"}}, {"model": "token_blacklist.outstandingtoken", "pk": 26, "fields": {"user": 24, "jti": "ed32ad18c723455f988182bad9f12ed0", "token": "eyJhbGciOiJIUzI1NiIsInR5cCI6IkpXVCJ9.eyJ0b2tlbl90eXBlIjoicmVmcmVzaCIsImV4cCI6MTY2NjM2NDk3MiwiaWF0IjoxNjY2Mjc4NTcyLCJqdGkiOiJlZDMyYWQxOGM3MjM0NTVmOTg4MTgyYmFkOWYxMmVkMCIsInVzZXJfaWQiOjI0fQ.78mbjBoqRrWxz7UOiUDDHWCkq6VnPOctpPXkjzc1ki4", "created_at": "2022-10-20T15:09:32.148Z", "expires_at": "2022-10-21T15:09:32Z"}}, {"model": "token_blacklist.outstandingtoken", "pk": 27, "fields": {"user": 24, "jti": "cda51d57ea774282ae2e586da11d3b0f", "token": "eyJhbGciOiJIUzI1NiIsInR5cCI6IkpXVCJ9.eyJ0b2tlbl90eXBlIjoicmVmcmVzaCIsImV4cCI6MTY2NjM2NTA3NiwiaWF0IjoxNjY2Mjc4Njc2LCJqdGkiOiJjZGE1MWQ1N2VhNzc0MjgyYWUyZTU4NmRhMTFkM2IwZiIsInVzZXJfaWQiOjI0fQ.7ha95109MRN8hBChE1JNaXFf4BOofPRQjwtXp3NzLIE", "created_at": "2022-10-20T15:11:16.192Z", "expires_at": "2022-10-21T15:11:16Z"}}, {"model": "token_blacklist.outstandingtoken", "pk": 28, "fields": {"user": 24, "jti": "6963f5d55cfc4315a32be4c5c1fdaa1a", "token": "eyJhbGciOiJIUzI1NiIsInR5cCI6IkpXVCJ9.eyJ0b2tlbl90eXBlIjoicmVmcmVzaCIsImV4cCI6MTY2NjQ0ODcxNiwiaWF0IjoxNjY2MzYyMzE2LCJqdGkiOiI2OTYzZjVkNTVjZmM0MzE1YTMyYmU0YzVjMWZkYWExYSIsInVzZXJfaWQiOjI0fQ.OJE6BiXViWP1vRmYShOPgYZYxGpQPnUNDZ69_GXysZY", "created_at": "2022-10-21T14:25:16.174Z", "expires_at": "2022-10-22T14:25:16Z"}}, {"model": "token_blacklist.outstandingtoken", "pk": 29, "fields": {"user": 24, "jti": "9b798016fe7248338f0ccc7553b1944c", "token": "eyJhbGciOiJIUzI1NiIsInR5cCI6IkpXVCJ9.eyJ0b2tlbl90eXBlIjoicmVmcmVzaCIsImV4cCI6MTY2NjQ0OTA1MywiaWF0IjoxNjY2MzYyNjUzLCJqdGkiOiI5Yjc5ODAxNmZlNzI0ODMzOGYwY2NjNzU1M2IxOTQ0YyIsInVzZXJfaWQiOjI0fQ.Nk43Qk_dA4wNwaSXxzuFdO7q-P28KjFeG4fZ0-N7QTY", "created_at": "2022-10-21T14:30:53.128Z", "expires_at": "2022-10-22T14:30:53Z"}}, {"model": "token_blacklist.outstandingtoken", "pk": 30, "fields": {"user": 24, "jti": "6519bc3f01ee447b8d2fb917de57f1f4", "token": "eyJhbGciOiJIUzI1NiIsInR5cCI6IkpXVCJ9.eyJ0b2tlbl90eXBlIjoicmVmcmVzaCIsImV4cCI6MTY2NjQ0OTgwMywiaWF0IjoxNjY2MzYzNDAzLCJqdGkiOiI2NTE5YmMzZjAxZWU0NDdiOGQyZmI5MTdkZTU3ZjFmNCIsInVzZXJfaWQiOjI0fQ.h4SI9ZNXJSttRS5cvdhjfo6bH79xmUbRypdAv91q0KY", "created_at": "2022-10-21T14:43:23.258Z", "expires_at": "2022-10-22T14:43:23Z"}}, {"model": "token_blacklist.outstandingtoken", "pk": 31, "fields": {"user": 24, "jti": "dd2f59d26df64eedbe0ca5d45f11d7a0", "token": "eyJhbGciOiJIUzI1NiIsInR5cCI6IkpXVCJ9.eyJ0b2tlbl90eXBlIjoicmVmcmVzaCIsImV4cCI6MTY2NjQ1MDQ3MCwiaWF0IjoxNjY2MzY0MDcwLCJqdGkiOiJkZDJmNTlkMjZkZjY0ZWVkYmUwY2E1ZDQ1ZjExZDdhMCIsInVzZXJfaWQiOjI0fQ.NniXSAUwdgmrYkIvST6BOeQL6v6cbkay3lNmACAMi0w", "created_at": "2022-10-21T14:54:30.166Z", "expires_at": "2022-10-22T14:54:30Z"}}, {"model": "token_blacklist.outstandingtoken", "pk": 32, "fields": {"user": 24, "jti": "b21d06f41ae74f028a2f44772b1b477d", "token": "eyJhbGciOiJIUzI1NiIsInR5cCI6IkpXVCJ9.eyJ0b2tlbl90eXBlIjoicmVmcmVzaCIsImV4cCI6MTY2NjQ1MTA5NCwiaWF0IjoxNjY2MzY0Njk0LCJqdGkiOiJiMjFkMDZmNDFhZTc0ZjAyOGEyZjQ0NzcyYjFiNDc3ZCIsInVzZXJfaWQiOjI0fQ.HT1wEDm1xb-1FY1Ak9S34Hw61wd3zUEpJPorrKypUAw", "created_at": "2022-10-21T15:04:54.502Z", "expires_at": "2022-10-22T15:04:54Z"}}, {"model": "token_blacklist.outstandingtoken", "pk": 33, "fields": {"user": null, "jti": "21e208dca1f74f5498cde4a2dc729683", "token": "eyJhbGciOiJIUzI1NiIsInR5cCI6IkpXVCJ9.eyJ0b2tlbl90eXBlIjoicmVmcmVzaCIsImV4cCI6MTY2NjQ1MTEyNywiaWF0IjoxNjY2MzY0NzI3LCJqdGkiOiIyMWUyMDhkY2ExZjc0ZjU0OThjZGU0YTJkYzcyOTY4MyIsInVzZXJfaWQiOjI1fQ.THRcEXRZGqtY4Z5dac1ndisbuJ7jO-gC4xDBo1BbfMI", "created_at": "2022-10-21T15:05:27.468Z", "expires_at": "2022-10-22T15:05:27Z"}}, {"model": "token_blacklist.outstandingtoken", "pk": 34, "fields": {"user": null, "jti": "169f93916a5544128a112d4c53821c9e", "token": "eyJhbGciOiJIUzI1NiIsInR5cCI6IkpXVCJ9.eyJ0b2tlbl90eXBlIjoicmVmcmVzaCIsImV4cCI6MTY2NjQ1MTkxOSwiaWF0IjoxNjY2MzY1NTE5LCJqdGkiOiIxNjlmOTM5MTZhNTU0NDEyOGExMTJkNGM1MzgyMWM5ZSIsInVzZXJfaWQiOjI2fQ.sodx8bB1ZTQjQkutx1j_6j8RWFkLJoBn3Q1iGFQdDP4", "created_at": "2022-10-21T15:18:39.593Z", "expires_at": "2022-10-22T15:18:39Z"}}, {"model": "token_blacklist.outstandingtoken", "pk": 35, "fields": {"user": null, "jti": "d42fcc848cca4faa9d82a192d3f2b770", "token": "eyJhbGciOiJIUzI1NiIsInR5cCI6IkpXVCJ9.eyJ0b2tlbl90eXBlIjoicmVmcmVzaCIsImV4cCI6MTY2NjQ1MjA3MiwiaWF0IjoxNjY2MzY1NjcyLCJqdGkiOiJkNDJmY2M4NDhjY2E0ZmFhOWQ4MmExOTJkM2YyYjc3MCIsInVzZXJfaWQiOjI3fQ.z0RgwKyOUBVwqHoRHyHFrXSuMV8nfSrZwOCi33-P7mI", "created_at": "2022-10-21T15:21:12.528Z", "expires_at": "2022-10-22T15:21:12Z"}}, {"model": "token_blacklist.outstandingtoken", "pk": 36, "fields": {"user": null, "jti": "a03288ff4cb74b9e80ad6e97ae54ecb5", "token": "eyJhbGciOiJIUzI1NiIsInR5cCI6IkpXVCJ9.eyJ0b2tlbl90eXBlIjoicmVmcmVzaCIsImV4cCI6MTY2NjQ1MjEyNCwiaWF0IjoxNjY2MzY1NzI0LCJqdGkiOiJhMDMyODhmZjRjYjc0YjllODBhZDZlOTdhZTU0ZWNiNSIsInVzZXJfaWQiOjI4fQ.xTkHfo6MUN9i5OAASlNcscQelK2CLC9KqA794_7Rp6c", "created_at": "2022-10-21T15:22:04.771Z", "expires_at": "2022-10-22T15:22:04Z"}}, {"model": "token_blacklist.outstandingtoken", "pk": 37, "fields": {"user": 29, "jti": "ed6579f281bf47dd911107a19c1b1b2c", "token": "eyJhbGciOiJIUzI1NiIsInR5cCI6IkpXVCJ9.eyJ0b2tlbl90eXBlIjoicmVmcmVzaCIsImV4cCI6MTY2NjQ1MjIxNywiaWF0IjoxNjY2MzY1ODE3LCJqdGkiOiJlZDY1NzlmMjgxYmY0N2RkOTExMTA3YTE5YzFiMWIyYyIsInVzZXJfaWQiOjI5fQ.lG8yvCUMD3o1wzIA2Aqw3eKznn3bWemWyYu9ZyaYdts", "created_at": "2022-10-21T15:23:37.893Z", "expires_at": "2022-10-22T15:23:37Z"}}, {"model": "token_blacklist.outstandingtoken", "pk": 38, "fields": {"user": 29, "jti": "44364d4ba5114ac69fcfe61f105faf21", "token": "eyJhbGciOiJIUzI1NiIsInR5cCI6IkpXVCJ9.eyJ0b2tlbl90eXBlIjoicmVmcmVzaCIsImV4cCI6MTY2NjQ1MjIzNiwiaWF0IjoxNjY2MzY1ODM2LCJqdGkiOiI0NDM2NGQ0YmE1MTE0YWM2OWZjZmU2MWYxMDVmYWYyMSIsInVzZXJfaWQiOjI5fQ.kypz5iUEvQxdh5iYOEIgGS8pJkDWT3PAoAhzoknHpqE", "created_at": "2022-10-21T15:23:56.995Z", "expires_at": "2022-10-22T15:23:56Z"}}, {"model": "token_blacklist.outstandingtoken", "pk": 39, "fields": {"user": 24, "jti": "fc5eceac58d647a58bfe214a38a73083", "token": "eyJhbGciOiJIUzI1NiIsInR5cCI6IkpXVCJ9.eyJ0b2tlbl90eXBlIjoicmVmcmVzaCIsImV4cCI6MTY2NjQ4MTIzNSwiaWF0IjoxNjY2Mzk0ODM1LCJqdGkiOiJmYzVlY2VhYzU4ZDY0N2E1OGJmZTIxNGEzOGE3MzA4MyIsInVzZXJfaWQiOjI0fQ.MdRJqUlRWtvlK-mbibdyYUCpbAZv7PWPE2OgufmhNRY", "created_at": "2022-10-21T23:27:15.784Z", "expires_at": "2022-10-22T23:27:15Z"}}, {"model": "token_blacklist.outstandingtoken", "pk": 40, "fields": {"user": 24, "jti": "24d763c99134432384b4c9a1fd4a0461", "token": "eyJhbGciOiJIUzI1NiIsInR5cCI6IkpXVCJ9.eyJ0b2tlbl90eXBlIjoicmVmcmVzaCIsImV4cCI6MTY2NjQ4MjY2NCwiaWF0IjoxNjY2Mzk2MjY0LCJqdGkiOiIyNGQ3NjNjOTkxMzQ0MzIzODRiNGM5YTFmZDRhMDQ2MSIsInVzZXJfaWQiOjI0fQ.hwbafSTj5H9n5t5lRY_6jlM17aROojkv_yQenCP54cY", "created_at": "2022-10-21T23:51:04.420Z", "expires_at": "2022-10-22T23:51:04Z"}}, {"model": "token_blacklist.outstandingtoken", "pk": 41, "fields": {"user": null, "jti": "6dc20b333a034a25a5ce875b71a83a45", "token": "eyJhbGciOiJIUzI1NiIsInR5cCI6IkpXVCJ9.eyJ0b2tlbl90eXBlIjoicmVmcmVzaCIsImV4cCI6MTY2NjQ4Mzg3NiwiaWF0IjoxNjY2Mzk3NDc2LCJqdGkiOiI2ZGMyMGIzMzNhMDM0YTI1YTVjZTg3NWI3MWE4M2E0NSIsInVzZXJfaWQiOjI0fQ.HxwOx1DaD4vvBZv22hgMJDyM5NN6DOBGUo-qO4GAmvQ", "created_at": null, "expires_at": "2022-10-23T00:11:16Z"}}, {"model": "token_blacklist.outstandingtoken", "pk": 42, "fields": {"user": null, "jti": "3854261b914e4da69c878735547b2882", "token": "eyJhbGciOiJIUzI1NiIsInR5cCI6IkpXVCJ9.eyJ0b2tlbl90eXBlIjoicmVmcmVzaCIsImV4cCI6MTY2NjQ4NTEwMiwiaWF0IjoxNjY2Mzk4NzAyLCJqdGkiOiIzODU0MjYxYjkxNGU0ZGE2OWM4Nzg3MzU1NDdiMjg4MiIsInVzZXJfaWQiOjI0fQ.n-sNONRkLhb2iSIWEtjGx2da60aP7-gvd7_ymq6DjzM", "created_at": null, "expires_at": "2022-10-23T00:31:42Z"}}, {"model": "token_blacklist.outstandingtoken", "pk": 43, "fields": {"user": null, "jti": "66ee7a49e78e4442bfde7e589f4c47f5", "token": "eyJhbGciOiJIUzI1NiIsInR5cCI6IkpXVCJ9.eyJ0b2tlbl90eXBlIjoicmVmcmVzaCIsImV4cCI6MTY2NjQ4NzMzMiwiaWF0IjoxNjY2NDAwOTMyLCJqdGkiOiI2NmVlN2E0OWU3OGU0NDQyYmZkZTdlNTg5ZjRjNDdmNSIsInVzZXJfaWQiOjI0fQ.VfuazCI1ZIYQ7_2Gh_w2Q-CmzkxPxH4VcoFedWcwZws", "created_at": null, "expires_at": "2022-10-23T01:08:52Z"}}, {"model": "token_blacklist.outstandingtoken", "pk": 44, "fields": {"user": null, "jti": "4d1fa93b84c24e4584aba5b1d8c9bf72", "token": "eyJhbGciOiJIUzI1NiIsInR5cCI6IkpXVCJ9.eyJ0b2tlbl90eXBlIjoicmVmcmVzaCIsImV4cCI6MTY2NjQ4ODcxNSwiaWF0IjoxNjY2NDAyMzE1LCJqdGkiOiI0ZDFmYTkzYjg0YzI0ZTQ1ODRhYmE1YjFkOGM5YmY3MiIsInVzZXJfaWQiOjI0fQ.LYdHWa8LdkWoPtzABphzk5WXhsO2XWXnllBc6XcIpAk", "created_at": null, "expires_at": "2022-10-23T01:31:55Z"}}, {"model": "token_blacklist.outstandingtoken", "pk": 45, "fields": {"user": 24, "jti": "ca6cf538ce7046299c048f41dc1c70b9", "token": "eyJhbGciOiJIUzI1NiIsInR5cCI6IkpXVCJ9.eyJ0b2tlbl90eXBlIjoicmVmcmVzaCIsImV4cCI6MTY2NjU3MjA0NywiaWF0IjoxNjY2NDg1NjQ3LCJqdGkiOiJjYTZjZjUzOGNlNzA0NjI5OWMwNDhmNDFkYzFjNzBiOSIsInVzZXJfaWQiOjI0fQ.FO-_9CPZEViispbne0UfVOx-D2ELYYkhE86B7KjU49w", "created_at": "2022-10-23T00:40:47.268Z", "expires_at": "2022-10-24T00:40:47Z"}}, {"model": "token_blacklist.outstandingtoken", "pk": 46, "fields": {"user": null, "jti": "72ef90a1cc2a45ddb92bf52b2d4af2ab", "token": "eyJhbGciOiJIUzI1NiIsInR5cCI6IkpXVCJ9.eyJ0b2tlbl90eXBlIjoicmVmcmVzaCIsImV4cCI6MTY2NjU3Mzc1MSwiaWF0IjoxNjY2NDg3MzUxLCJqdGkiOiI3MmVmOTBhMWNjMmE0NWRkYjkyYmY1MmIyZDRhZjJhYiIsInVzZXJfaWQiOjI0fQ.3o_HhSae_a_5ThqGHDTjnDpy9binQ5FEyPfCejfwhK4", "created_at": null, "expires_at": "2022-10-24T01:09:11Z"}}, {"model": "token_blacklist.outstandingtoken", "pk": 47, "fields": {"user": null, "jti": "aea91754cb624bd1abe7a7c4716c3664", "token": "eyJhbGciOiJIUzI1NiIsInR5cCI6IkpXVCJ9.eyJ0b2tlbl90eXBlIjoicmVmcmVzaCIsImV4cCI6MTY2NjYxNzkxMywiaWF0IjoxNjY2NTMxNTEzLCJqdGkiOiJhZWE5MTc1NGNiNjI0YmQxYWJlN2E3YzQ3MTZjMzY2NCIsInVzZXJfaWQiOjI0fQ.Yi3le2yBYlWwny0IS6LJTzkyaVMNRELexrdmrc6nja0", "created_at": null, "expires_at": "2022-10-24T13:25:13Z"}}, {"model": "token_blacklist.outstandingtoken", "pk": 48, "fields": {"user": 24, "jti": "98852e5ad2ec464e95c34b0a53a9e982", "token": "eyJhbGciOiJIUzI1NiIsInR5cCI6IkpXVCJ9.eyJ0b2tlbl90eXBlIjoicmVmcmVzaCIsImV4cCI6MTY2NjYxOTIyMywiaWF0IjoxNjY2NTMyODIzLCJqdGkiOiI5ODg1MmU1YWQyZWM0NjRlOTVjMzRiMGE1M2E5ZTk4MiIsInVzZXJfaWQiOjI0fQ.KQn5p7S4tVET2FMQR0leJuwq-skuHYh1KJCkXGrTyS4", "created_at": "2022-10-23T13:47:03.370Z", "expires_at": "2022-10-24T13:47:03Z"}}, {"model": "token_blacklist.outstandingtoken", "pk": 49, "fields": {"user": null, "jti": "29a8c6325cb841ef9ea378eaa2f91138", "token": "eyJhbGciOiJIUzI1NiIsInR5cCI6IkpXVCJ9.eyJ0b2tlbl90eXBlIjoicmVmcmVzaCIsImV4cCI6MTY2NjYyMDQ0NywiaWF0IjoxNjY2NTM0MDQ3LCJqdGkiOiIyOWE4YzYzMjVjYjg0MWVmOWVhMzc4ZWFhMmY5MTEzOCIsInVzZXJfaWQiOjI0fQ.-Bx_PHsGzuq6uL6FxQr696NbiFMO7ZY3sVqELmYNVas", "created_at": null, "expires_at": "2022-10-24T14:07:27Z"}}, {"model": "token_blacklist.outstandingtoken", "pk": 50, "fields": {"user": null, "jti": "99d9a04ec82c40aabcace51fa8411278", "token": "eyJhbGciOiJIUzI1NiIsInR5cCI6IkpXVCJ9.eyJ0b2tlbl90eXBlIjoicmVmcmVzaCIsImV4cCI6MTY2NjYyMTY4NCwiaWF0IjoxNjY2NTM1Mjg0LCJqdGkiOiI5OWQ5YTA0ZWM4MmM0MGFhYmNhY2U1MWZhODQxMTI3OCIsInVzZXJfaWQiOjI0fQ.aBoQpNDK2j8-tNpdhMr0ktV4YBQi5S6_dX1DGvm3Tks", "created_at": null, "expires_at": "2022-10-24T14:28:04Z"}}, {"model": "token_blacklist.outstandingtoken", "pk": 51, "fields": {"user": null, "jti": "6e538c460bcf481b946d3efa6402a04d", "token": "eyJhbGciOiJIUzI1NiIsInR5cCI6IkpXVCJ9.eyJ0b2tlbl90eXBlIjoicmVmcmVzaCIsImV4cCI6MTY2NjY0NjU4OCwiaWF0IjoxNjY2NTYwMTg4LCJqdGkiOiI2ZTUzOGM0NjBiY2Y0ODFiOTQ2ZDNlZmE2NDAyYTA0ZCIsInVzZXJfaWQiOjI0fQ.reC1-EcyIKqP46EhmhFUtnUO3TZKeUDepHUlvvboaVQ", "created_at": null, "expires_at": "2022-10-24T21:23:08Z"}}, {"model": "token_blacklist.outstandingtoken", "pk": 52, "fields": {"user": null, "jti": "1462e3f654c648b38fbaa8fd892f5472", "token": "eyJhbGciOiJIUzI1NiIsInR5cCI6IkpXVCJ9.eyJ0b2tlbl90eXBlIjoicmVmcmVzaCIsImV4cCI6MTY2NjY0Nzk1MiwiaWF0IjoxNjY2NTYxNTUyLCJqdGkiOiIxNDYyZTNmNjU0YzY0OGIzOGZiYWE4ZmQ4OTJmNTQ3MiIsInVzZXJfaWQiOjI0fQ.Zf3O3Y_HytFqTPo5N4zd4_NtAJWdgEqibGfkYjoS7_8", "created_at": null, "expires_at": "2022-10-24T21:45:52Z"}}, {"model": "token_blacklist.outstandingtoken", "pk": 53, "fields": {"user": null, "jti": "8eba5b7503944ee0ae44e986324f1bd1", "token": "eyJhbGciOiJIUzI1NiIsInR5cCI6IkpXVCJ9.eyJ0b2tlbl90eXBlIjoicmVmcmVzaCIsImV4cCI6MTY2NjY0OTM1MiwiaWF0IjoxNjY2NTYyOTUyLCJqdGkiOiI4ZWJhNWI3NTAzOTQ0ZWUwYWU0NGU5ODYzMjRmMWJkMSIsInVzZXJfaWQiOjI0fQ.Zu425dneMsy14x139q4CrXEsT66oVku4ARnHI2w9Rzg", "created_at": null, "expires_at": "2022-10-24T22:09:12Z"}}, {"model": "token_blacklist.outstandingtoken", "pk": 54, "fields": {"user": null, "jti": "e7022d1871db4169acb4a28cb5eeb0ce", "token": "eyJhbGciOiJIUzI1NiIsInR5cCI6IkpXVCJ9.eyJ0b2tlbl90eXBlIjoicmVmcmVzaCIsImV4cCI6MTY2NjY1MDc5NSwiaWF0IjoxNjY2NTY0Mzk1LCJqdGkiOiJlNzAyMmQxODcxZGI0MTY5YWNiNGEyOGNiNWVlYjBjZSIsInVzZXJfaWQiOjI0fQ.w7jWaGWvKGVFZmQNwD_VAoI7gUM0kNww8hQ-GFDZi0U", "created_at": null, "expires_at": "2022-10-24T22:33:15Z"}}, {"model": "token_blacklist.outstandingtoken", "pk": 55, "fields": {"user": null, "jti": "58fa28261ffc48ddbea631e5ac16bc4b", "token": "eyJhbGciOiJIUzI1NiIsInR5cCI6IkpXVCJ9.eyJ0b2tlbl90eXBlIjoicmVmcmVzaCIsImV4cCI6MTY2NjY1MjIzNiwiaWF0IjoxNjY2NTY1ODM2LCJqdGkiOiI1OGZhMjgyNjFmZmM0OGRkYmVhNjMxZTVhYzE2YmM0YiIsInVzZXJfaWQiOjI0fQ.PMQc6ul7uREofSdEz55VvuXWLR-0XigWk9qUIUOXURY", "created_at": null, "expires_at": "2022-10-24T22:57:16Z"}}, {"model": "token_blacklist.outstandingtoken", "pk": 56, "fields": {"user": 24, "jti": "12e349c4d6ae4ebc8c5c41f0befff63b", "token": "eyJhbGciOiJIUzI1NiIsInR5cCI6IkpXVCJ9.eyJ0b2tlbl90eXBlIjoicmVmcmVzaCIsImV4cCI6MTY2NjY1MjI2MCwiaWF0IjoxNjY2NTY1ODYwLCJqdGkiOiIxMmUzNDljNGQ2YWU0ZWJjOGM1YzQxZjBiZWZmZjYzYiIsInVzZXJfaWQiOjI0fQ.kD6eJsbgA8WuT0oGlKXDcX5J4r0t8RSJsfYXEiWKjes", "created_at": "2022-10-23T22:57:40.778Z", "expires_at": "2022-10-24T22:57:40Z"}}, {"model": "token_blacklist.outstandingtoken", "pk": 57, "fields": {"user": 24, "jti": "01cd27512a0941528cbfaa37aac910d5", "token": "eyJhbGciOiJIUzI1NiIsInR5cCI6IkpXVCJ9.eyJ0b2tlbl90eXBlIjoicmVmcmVzaCIsImV4cCI6MTY2NjY1NTU3OCwiaWF0IjoxNjY2NTY5MTc4LCJqdGkiOiIwMWNkMjc1MTJhMDk0MTUyOGNiZmFhMzdhYWM5MTBkNSIsInVzZXJfaWQiOjI0fQ.Fv3d2UHELXoVxGX2IPsABJQ6LqJXGlBmC8sOzPPwy1k", "created_at": "2022-10-23T23:52:58.014Z", "expires_at": "2022-10-24T23:52:58Z"}}, {"model": "token_blacklist.outstandingtoken", "pk": 58, "fields": {"user": 24, "jti": "7ef55fcf1a83452c8bcac4c96ab8cb69", "token": "eyJhbGciOiJIUzI1NiIsInR5cCI6IkpXVCJ9.eyJ0b2tlbl90eXBlIjoicmVmcmVzaCIsImV4cCI6MTY2NjY1NTU5NCwiaWF0IjoxNjY2NTY5MTk0LCJqdGkiOiI3ZWY1NWZjZjFhODM0NTJjOGJjYWM0Yzk2YWI4Y2I2OSIsInVzZXJfaWQiOjI0fQ.GA0RptNmBbofFAW4jFgSGrhi1ItDduhTpCelxUWipAY", "created_at": "2022-10-23T23:53:14.879Z", "expires_at": "2022-10-24T23:53:14Z"}}, {"model": "token_blacklist.outstandingtoken", "pk": 59, "fields": {"user": null, "jti": "f36e30eb904f4b2f8766cc29155fe3b4", "token": "eyJhbGciOiJIUzI1NiIsInR5cCI6IkpXVCJ9.eyJ0b2tlbl90eXBlIjoicmVmcmVzaCIsImV4cCI6MTY2NjY5ODY2MywiaWF0IjoxNjY2NjEyMjYzLCJqdGkiOiJmMzZlMzBlYjkwNGY0YjJmODc2NmNjMjkxNTVmZTNiNCIsInVzZXJfaWQiOjI0fQ.mWEHbTBT8lv2Iwpjzd6tX7hb8-WkxFk9fcbbCnU2S9Q", "created_at": null, "expires_at": "2022-10-25T11:51:03Z"}}, {"model": "token_blacklist.outstandingtoken", "pk": 60, "fields": {"user": null, "jti": "fa65e2dc855a4963abac88f56b982e5b", "token": "eyJhbGciOiJIUzI1NiIsInR5cCI6IkpXVCJ9.eyJ0b2tlbl90eXBlIjoicmVmcmVzaCIsImV4cCI6MTY2NjcwMDY2MywiaWF0IjoxNjY2NjE0MjYzLCJqdGkiOiJmYTY1ZTJkYzg1NWE0OTYzYWJhYzg4ZjU2Yjk4MmU1YiIsInVzZXJfaWQiOjI0fQ.6rKcLh2f1NiKjQcQeLPlE9Hja9lYDbBDyRkjEN1mRhQ", "created_at": null, "expires_at": "2022-10-25T12:24:23Z"}}, {"model": "token_blacklist.outstandingtoken", "pk": 61, "fields": {"user": null, "jti": "23d77c3aafd541e1af48839f1c209731", "token": "eyJhbGciOiJIUzI1NiIsInR5cCI6IkpXVCJ9.eyJ0b2tlbl90eXBlIjoicmVmcmVzaCIsImV4cCI6MTY2NjcwMjM0OCwiaWF0IjoxNjY2NjE1OTQ4LCJqdGkiOiIyM2Q3N2MzYWFmZDU0MWUxYWY0ODgzOWYxYzIwOTczMSIsInVzZXJfaWQiOjI0fQ.jaAWxmF9U2Kr-6NuG2aj_6obDS5Mp0DY3tlGEPHpyR0", "created_at": null, "expires_at": "2022-10-25T12:52:28Z"}}, {"model": "token_blacklist.outstandingtoken", "pk": 62, "fields": {"user": null, "jti": "a20f03a668fe4ebdabd1d3afa15f9d64", "token": "eyJhbGciOiJIUzI1NiIsInR5cCI6IkpXVCJ9.eyJ0b2tlbl90eXBlIjoicmVmcmVzaCIsImV4cCI6MTY2NjcwNDEyNywiaWF0IjoxNjY2NjE3NzI3LCJqdGkiOiJhMjBmMDNhNjY4ZmU0ZWJkYWJkMWQzYWZhMTVmOWQ2NCIsInVzZXJfaWQiOjI0fQ.7LceVTj0wPwOi8eTfdq3aPiv_6zK8Z6qwO-8IJgYhXY", "created_at": null, "expires_at": "2022-10-25T13:22:07Z"}}, {"model": "token_blacklist.outstandingtoken", "pk": 63, "fields": {"user": null, "jti": "d8dc574eb9454b3f9f0407297c2c2bd2", "token": "eyJhbGciOiJIUzI1NiIsInR5cCI6IkpXVCJ9.eyJ0b2tlbl90eXBlIjoicmVmcmVzaCIsImV4cCI6MTY2NjcwNTUwMywiaWF0IjoxNjY2NjE5MTAzLCJqdGkiOiJkOGRjNTc0ZWI5NDU0YjNmOWYwNDA3Mjk3YzJjMmJkMiIsInVzZXJfaWQiOjI0fQ.ooYMCFg0ZC-ATLidFO_U8AYKw3mZRVTPlaaYxoBDLfE", "created_at": null, "expires_at": "2022-10-25T13:45:03Z"}}, {"model": "token_blacklist.outstandingtoken", "pk": 64, "fields": {"user": null, "jti": "4da350a0b1224e8698faac2750de52fe", "token": "eyJhbGciOiJIUzI1NiIsInR5cCI6IkpXVCJ9.eyJ0b2tlbl90eXBlIjoicmVmcmVzaCIsImV4cCI6MTY2NjcwOTQ5NSwiaWF0IjoxNjY2NjIzMDk1LCJqdGkiOiI0ZGEzNTBhMGIxMjI0ZTg2OThmYWFjMjc1MGRlNTJmZSIsInVzZXJfaWQiOjI0fQ.lpxxXL1L3GEPM-vVhpZ9tO6dLiUmg3yhz8QWmvYsyI8", "created_at": null, "expires_at": "2022-10-25T14:51:35Z"}}, {"model": "token_blacklist.outstandingtoken", "pk": 65, "fields": {"user": null, "jti": "26943c9505fb4630a123da5e0dd94450", "token": "eyJhbGciOiJIUzI1NiIsInR5cCI6IkpXVCJ9.eyJ0b2tlbl90eXBlIjoicmVmcmVzaCIsImV4cCI6MTY2NjcxMDY5NywiaWF0IjoxNjY2NjI0Mjk3LCJqdGkiOiIyNjk0M2M5NTA1ZmI0NjMwYTEyM2RhNWUwZGQ5NDQ1MCIsInVzZXJfaWQiOjI0fQ.9Ke9mYStF4M1S_M5AUvftBpXW6mvT9HE-Bxy8Pt38Ds", "created_at": null, "expires_at": "2022-10-25T15:11:37Z"}}, {"model": "token_blacklist.outstandingtoken", "pk": 66, "fields": {"user": 24, "jti": "96558f652ea540c8949b2b70233cb131", "token": "eyJhbGciOiJIUzI1NiIsInR5cCI6IkpXVCJ9.eyJ0b2tlbl90eXBlIjoicmVmcmVzaCIsImV4cCI6MTY2Njc0MjcwNCwiaWF0IjoxNjY2NjU2MzA0LCJqdGkiOiI5NjU1OGY2NTJlYTU0MGM4OTQ5YjJiNzAyMzNjYjEzMSIsInVzZXJfaWQiOjI0fQ.WpDSUbeMZ31tFQ-dE7Ks8o5nNV2Zjlsl8yL6CrWt4iw", "created_at": "2022-10-25T00:05:04.395Z", "expires_at": "2022-10-26T00:05:04Z"}}, {"model": "token_blacklist.outstandingtoken", "pk": 67, "fields": {"user": 24, "jti": "723c6b38d17f43eeb181c6d480a2f067", "token": "eyJhbGciOiJIUzI1NiIsInR5cCI6IkpXVCJ9.eyJ0b2tlbl90eXBlIjoicmVmcmVzaCIsImV4cCI6MTY2Njc0MjcyMSwiaWF0IjoxNjY2NjU2MzIxLCJqdGkiOiI3MjNjNmIzOGQxN2Y0M2VlYjE4MWM2ZDQ4MGEyZjA2NyIsInVzZXJfaWQiOjI0fQ.Fz0QzIYoq1fyGSTppiBetutBGEUu51hUSm5Gts_X6Yg", "created_at": "2022-10-25T00:05:21.811Z", "expires_at": "2022-10-26T00:05:21Z"}}, {"model": "token_blacklist.outstandingtoken", "pk": 68, "fields": {"user": 24, "jti": "3e603c7804954865b9dfbb78c8051cb9", "token": "eyJhbGciOiJIUzI1NiIsInR5cCI6IkpXVCJ9.eyJ0b2tlbl90eXBlIjoicmVmcmVzaCIsImV4cCI6MTY2Njc0MzQ3MywiaWF0IjoxNjY2NjU3MDczLCJqdGkiOiIzZTYwM2M3ODA0OTU0ODY1YjlkZmJiNzhjODA1MWNiOSIsInVzZXJfaWQiOjI0fQ.a3vj1XvsKvBa1bsph9L8z8tkTugIoJn-EApcpsu1iog", "created_at": "2022-10-25T00:17:53.457Z", "expires_at": "2022-10-26T00:17:53Z"}}, {"model": "token_blacklist.outstandingtoken", "pk": 69, "fields": {"user": 24, "jti": "6eaac2aa479247498201338f87455eef", "token": "eyJhbGciOiJIUzI1NiIsInR5cCI6IkpXVCJ9.eyJ0b2tlbl90eXBlIjoicmVmcmVzaCIsImV4cCI6MTY2Njc0MzUzOCwiaWF0IjoxNjY2NjU3MTM4LCJqdGkiOiI2ZWFhYzJhYTQ3OTI0NzQ5ODIwMTMzOGY4NzQ1NWVlZiIsInVzZXJfaWQiOjI0fQ.GrqelITJu07XjzQqQKfHhCDQJEtVVJzO4XYfXYe2UYQ", "created_at": "2022-10-25T00:18:58.444Z", "expires_at": "2022-10-26T00:18:58Z"}}, {"model": "token_blacklist.outstandingtoken", "pk": 70, "fields": {"user": 24, "jti": "d7a3ad9da0524deaa238e1571dd7de45", "token": "eyJhbGciOiJIUzI1NiIsInR5cCI6IkpXVCJ9.eyJ0b2tlbl90eXBlIjoicmVmcmVzaCIsImV4cCI6MTY2Njc0NDQ0NSwiaWF0IjoxNjY2NjU4MDQ1LCJqdGkiOiJkN2EzYWQ5ZGEwNTI0ZGVhYTIzOGUxNTcxZGQ3ZGU0NSIsInVzZXJfaWQiOjI0fQ.0TFw_tEEPPhjiWBn-YDNSGV9I4hvCfJK2i4EFMMfleU", "created_at": "2022-10-25T00:34:05.336Z", "expires_at": "2022-10-26T00:34:05Z"}}, {"model": "token_blacklist.outstandingtoken", "pk": 71, "fields": {"user": 24, "jti": "bd59a2e3bb514770bf50714921727a31", "token": "eyJhbGciOiJIUzI1NiIsInR5cCI6IkpXVCJ9.eyJ0b2tlbl90eXBlIjoicmVmcmVzaCIsImV4cCI6MTY2Njc0NDQ2MiwiaWF0IjoxNjY2NjU4MDYyLCJqdGkiOiJiZDU5YTJlM2JiNTE0NzcwYmY1MDcxNDkyMTcyN2EzMSIsInVzZXJfaWQiOjI0fQ.GT2LTLtbeDG6akBpJwKeoHsZaWNb81tAup5nSb_y0c4", "created_at": "2022-10-25T00:34:22.944Z", "expires_at": "2022-10-26T00:34:22Z"}}, {"model": "token_blacklist.outstandingtoken", "pk": 72, "fields": {"user": 24, "jti": "5583d605b19840d2aebe56ca8909ab21", "token": "eyJhbGciOiJIUzI1NiIsInR5cCI6IkpXVCJ9.eyJ0b2tlbl90eXBlIjoicmVmcmVzaCIsImV4cCI6MTY2Njc0NDQ5MCwiaWF0IjoxNjY2NjU4MDkwLCJqdGkiOiI1NTgzZDYwNWIxOTg0MGQyYWViZTU2Y2E4OTA5YWIyMSIsInVzZXJfaWQiOjI0fQ.GXxuMB8m1VZkQ9kxUaDUkcCR3_czR3YWj-IZGNWvgQo", "created_at": "2022-10-25T00:34:50.715Z", "expires_at": "2022-10-26T00:34:50Z"}}, {"model": "token_blacklist.outstandingtoken", "pk": 73, "fields": {"user": 24, "jti": "2263cfb1b4cc435e99a429ec42cd739c", "token": "eyJhbGciOiJIUzI1NiIsInR5cCI6IkpXVCJ9.eyJ0b2tlbl90eXBlIjoicmVmcmVzaCIsImV4cCI6MTY2Njc0NTE2NCwiaWF0IjoxNjY2NjU4NzY0LCJqdGkiOiIyMjYzY2ZiMWI0Y2M0MzVlOTlhNDI5ZWM0MmNkNzM5YyIsInVzZXJfaWQiOjI0fQ.RKeV9V9w6-FPD3XB8z_kvbDNUqdbEGHCh3W3eg4NX70", "created_at": "2022-10-25T00:46:04.311Z", "expires_at": "2022-10-26T00:46:04Z"}}, {"model": "token_blacklist.outstandingtoken", "pk": 74, "fields": {"user": 24, "jti": "acd69c39d61c43a39592f11767439f9e", "token": "eyJhbGciOiJIUzI1NiIsInR5cCI6IkpXVCJ9.eyJ0b2tlbl90eXBlIjoicmVmcmVzaCIsImV4cCI6MTY2Njc0Njc2NCwiaWF0IjoxNjY2NjYwMzY0LCJqdGkiOiJhY2Q2OWMzOWQ2MWM0M2EzOTU5MmYxMTc2NzQzOWY5ZSIsInVzZXJfaWQiOjI0fQ.AfEcGMQayXw1PcK7bpg4gv6jLKiToL7WdPyfZ-tPG5g", "created_at": "2022-10-25T01:12:44.162Z", "expires_at": "2022-10-26T01:12:44Z"}}, {"model": "token_blacklist.outstandingtoken", "pk": 75, "fields": {"user": null, "jti": "eb66d843b1f4460089a6aa6d05d13d33", "token": "eyJhbGciOiJIUzI1NiIsInR5cCI6IkpXVCJ9.eyJ0b2tlbl90eXBlIjoicmVmcmVzaCIsImV4cCI6MTY2NjgyMjc3MSwiaWF0IjoxNjY2NzM2MzcxLCJqdGkiOiJlYjY2ZDg0M2IxZjQ0NjAwODlhNmFhNmQwNWQxM2QzMyIsInVzZXJfaWQiOjI0fQ._qx-Zs3b89S8tT5uEdgGnPwf6nf4MwHQvxnLYzJ6iD8", "created_at": null, "expires_at": "2022-10-26T22:19:31Z"}}, {"model": "token_blacklist.outstandingtoken", "pk": 76, "fields": {"user": 24, "jti": "2775e45cf7c043908502da52bb8ab417", "token": "eyJhbGciOiJIUzI1NiIsInR5cCI6IkpXVCJ9.eyJ0b2tlbl90eXBlIjoicmVmcmVzaCIsImV4cCI6MTY2NjgyMjk5NywiaWF0IjoxNjY2NzM2NTk3LCJqdGkiOiIyNzc1ZTQ1Y2Y3YzA0MzkwODUwMmRhNTJiYjhhYjQxNyIsInVzZXJfaWQiOjI0fQ.AP7U-8O9MDadWCLfPYtkkh6CrhA9G5q9OzoJXCZe0zk", "created_at": "2022-10-25T22:23:17.654Z", "expires_at": "2022-10-26T22:23:17Z"}}, {"model": "token_blacklist.outstandingtoken", "pk": 77, "fields": {"user": null, "jti": "37be3743bc94416b9b8c88d5f4a67b97", "token": "eyJhbGciOiJIUzI1NiIsInR5cCI6IkpXVCJ9.eyJ0b2tlbl90eXBlIjoicmVmcmVzaCIsImV4cCI6MTY2NjgyNDMwNiwiaWF0IjoxNjY2NzM3OTA2LCJqdGkiOiIzN2JlMzc0M2JjOTQ0MTZiOWI4Yzg4ZDVmNGE2N2I5NyIsInVzZXJfaWQiOjI0fQ.Qm6s7qNkaCiEHpoAQH4LCRxkh2tEuBUSgGs_he5MvjY", "created_at": null, "expires_at": "2022-10-26T22:45:06Z"}}, {"model": "token_blacklist.outstandingtoken", "pk": 78, "fields": {"user": null, "jti": "8121099dc14241e68ee99f57c3c47c9e", "token": "eyJhbGciOiJIUzI1NiIsInR5cCI6IkpXVCJ9.eyJ0b2tlbl90eXBlIjoicmVmcmVzaCIsImV4cCI6MTY2NjgyNTY5NiwiaWF0IjoxNjY2NzM5Mjk2LCJqdGkiOiI4MTIxMDk5ZGMxNDI0MWU2OGVlOTlmNTdjM2M0N2M5ZSIsInVzZXJfaWQiOjI0fQ.tcY0Jt4Wk8YJbrKk553XVpYZWSnOVDP6FWIyhLhpEfA", "created_at": null, "expires_at": "2022-10-26T23:08:16Z"}}, {"model": "token_blacklist.outstandingtoken", "pk": 79, "fields": {"user": null, "jti": "2f9976a8ee7b49dfb3af5319123b3ea4", "token": "eyJhbGciOiJIUzI1NiIsInR5cCI6IkpXVCJ9.eyJ0b2tlbl90eXBlIjoicmVmcmVzaCIsImV4cCI6MTY2NjgyODYxOSwiaWF0IjoxNjY2NzQyMjE5LCJqdGkiOiIyZjk5NzZhOGVlN2I0OWRmYjNhZjUzMTkxMjNiM2VhNCIsInVzZXJfaWQiOjI0fQ.iehPuKf-jaQzEzKhq_lGMjnRRqAxQguhq8s5o3LIN-o", "created_at": null, "expires_at": "2022-10-26T23:56:59Z"}}, {"model": "token_blacklist.outstandingtoken", "pk": 80, "fields": {"user": null, "jti": "b2058e373300477ca2a3cd5a4e10861f", "token": "eyJhbGciOiJIUzI1NiIsInR5cCI6IkpXVCJ9.eyJ0b2tlbl90eXBlIjoicmVmcmVzaCIsImV4cCI6MTY2NjgzMDk5OCwiaWF0IjoxNjY2NzQ0NTk4LCJqdGkiOiJiMjA1OGUzNzMzMDA0NzdjYTJhM2NkNWE0ZTEwODYxZiIsInVzZXJfaWQiOjI0fQ.tCW7YdyDB-dIYT5bYbSvh1w1vQAaftaIvenqgzkasPw", "created_at": null, "expires_at": "2022-10-27T00:36:38Z"}}, {"model": "token_blacklist.outstandingtoken", "pk": 81, "fields": {"user": null, "jti": "d59c633031d547408f07b41e898b83be", "token": "eyJhbGciOiJIUzI1NiIsInR5cCI6IkpXVCJ9.eyJ0b2tlbl90eXBlIjoicmVmcmVzaCIsImV4cCI6MTY2NjgzMjk0MCwiaWF0IjoxNjY2NzQ2NTQwLCJqdGkiOiJkNTljNjMzMDMxZDU0NzQwOGYwN2I0MWU4OThiODNiZSIsInVzZXJfaWQiOjI0fQ.wWfG5ORXvduLsmmCy8iJRhKppRQXsymdZ51NUeqDmt4", "created_at": null, "expires_at": "2022-10-27T01:09:00Z"}}, {"model": "token_blacklist.outstandingtoken", "pk": 82, "fields": {"user": null, "jti": "49d4b29d433e494cbe6977b47f3b7756", "token": "eyJhbGciOiJIUzI1NiIsInR5cCI6IkpXVCJ9.eyJ0b2tlbl90eXBlIjoicmVmcmVzaCIsImV4cCI6MTY2Njg3MTE0NSwiaWF0IjoxNjY2Nzg0NzQ1LCJqdGkiOiI0OWQ0YjI5ZDQzM2U0OTRjYmU2OTc3YjQ3ZjNiNzc1NiIsInVzZXJfaWQiOjI0fQ.0Ubs0QFvUTBwIVir2uSL_DY-018yFq77LL5WIQBJMD4", "created_at": null, "expires_at": "2022-10-27T11:45:45Z"}}, {"model": "token_blacklist.outstandingtoken", "pk": 83, "fields": {"user": null, "jti": "a96a3772966d4b5db032512ed3e71b14", "token": "eyJhbGciOiJIUzI1NiIsInR5cCI6IkpXVCJ9.eyJ0b2tlbl90eXBlIjoicmVmcmVzaCIsImV4cCI6MTY2Njg3NDgyNCwiaWF0IjoxNjY2Nzg4NDI0LCJqdGkiOiJhOTZhMzc3Mjk2NmQ0YjVkYjAzMjUxMmVkM2U3MWIxNCIsInVzZXJfaWQiOjI0fQ.RgVWekk1PjLbhX-FEnnMnrMtJg5qnl4Jxuz2NnuzLEQ", "created_at": null, "expires_at": "2022-10-27T12:47:04Z"}}, {"model": "token_blacklist.outstandingtoken", "pk": 84, "fields": {"user": null, "jti": "5524a34d2dc04a538e46f3cce016c0c3", "token": "eyJhbGciOiJIUzI1NiIsInR5cCI6IkpXVCJ9.eyJ0b2tlbl90eXBlIjoicmVmcmVzaCIsImV4cCI6MTY2Njg3ODU3NywiaWF0IjoxNjY2NzkyMTc3LCJqdGkiOiI1NTI0YTM0ZDJkYzA0YTUzOGU0NmYzY2NlMDE2YzBjMyIsInVzZXJfaWQiOjI0fQ.rS-sPOR_lMNYDajQzW6LUZ1henQUo5P0aEnqSGF2ieg", "created_at": null, "expires_at": "2022-10-27T13:49:37Z"}}, {"model": "token_blacklist.outstandingtoken", "pk": 85, "fields": {"user": null, "jti": "9ec8a7c2b74b4baaa37c0f4f05a6dd70", "token": "eyJhbGciOiJIUzI1NiIsInR5cCI6IkpXVCJ9.eyJ0b2tlbl90eXBlIjoicmVmcmVzaCIsImV4cCI6MTY2NjkxNjMyOSwiaWF0IjoxNjY2ODI5OTI5LCJqdGkiOiI5ZWM4YTdjMmI3NGI0YmFhYTM3YzBmNGYwNWE2ZGQ3MCIsInVzZXJfaWQiOjI0fQ.Ta7qI-X_q4v0DxX3WqSKYkkUgUitCDNAi04J_WPV09g", "created_at": null, "expires_at": "2022-10-28T00:18:49Z"}}, {"model": "token_blacklist.outstandingtoken", "pk": 86, "fields": {"user": null, "jti": "db46e2571e4c4bc5845f0847a7e0e7a3", "token": "eyJhbGciOiJIUzI1NiIsInR5cCI6IkpXVCJ9.eyJ0b2tlbl90eXBlIjoicmVmcmVzaCIsImV4cCI6MTY2NjkxNzg4NywiaWF0IjoxNjY2ODMxNDg3LCJqdGkiOiJkYjQ2ZTI1NzFlNGM0YmM1ODQ1ZjA4NDdhN2UwZTdhMyIsInVzZXJfaWQiOjI0fQ.9W3hv2kQ6Ii1h6GHGCaoiXWT-tPvJqpRCuAn0qL-2pM", "created_at": null, "expires_at": "2022-10-28T00:44:47Z"}}, {"model": "token_blacklist.outstandingtoken", "pk": 87, "fields": {"user": 24, "jti": "043a5dc0abc5471d971fab6a7c769007", "token": "eyJhbGciOiJIUzI1NiIsInR5cCI6IkpXVCJ9.eyJ0b2tlbl90eXBlIjoicmVmcmVzaCIsImV4cCI6MTY2NjkxNzk2MCwiaWF0IjoxNjY2ODMxNTYwLCJqdGkiOiIwNDNhNWRjMGFiYzU0NzFkOTcxZmFiNmE3Yzc2OTAwNyIsInVzZXJfaWQiOjI0fQ.ALJO2Qm3e58S5kPkanc5tH6zvKJuNa-P_rBXTt5Z0OU", "created_at": "2022-10-27T00:46:00.209Z", "expires_at": "2022-10-28T00:46:00Z"}}, {"model": "token_blacklist.outstandingtoken", "pk": 88, "fields": {"user": 24, "jti": "accc8d8c815f4698ada0a0370fca79fa", "token": "eyJhbGciOiJIUzI1NiIsInR5cCI6IkpXVCJ9.eyJ0b2tlbl90eXBlIjoicmVmcmVzaCIsImV4cCI6MTY2NjkxODMxMiwiaWF0IjoxNjY2ODMxOTEyLCJqdGkiOiJhY2NjOGQ4YzgxNWY0Njk4YWRhMGEwMzcwZmNhNzlmYSIsInVzZXJfaWQiOjI0fQ.foeh6CiMayO4ch8bqBY25dvbrIJX84ORR4y6_-l-TRo", "created_at": "2022-10-27T00:51:52.898Z", "expires_at": "2022-10-28T00:51:52Z"}}, {"model": "token_blacklist.outstandingtoken", "pk": 89, "fields": {"user": 24, "jti": "d48c2538458a48988fb82f23cf910562", "token": "eyJhbGciOiJIUzI1NiIsInR5cCI6IkpXVCJ9.eyJ0b2tlbl90eXBlIjoicmVmcmVzaCIsImV4cCI6MTY2NjkxODM4OSwiaWF0IjoxNjY2ODMxOTg5LCJqdGkiOiJkNDhjMjUzODQ1OGE0ODk4OGZiODJmMjNjZjkxMDU2MiIsInVzZXJfaWQiOjI0fQ.qh3e0NP7_emXZPNzM3xlWOFmHZlJ3zINalzivDZcp9c", "created_at": "2022-10-27T00:53:09.113Z", "expires_at": "2022-10-28T00:53:09Z"}}, {"model": "token_blacklist.outstandingtoken", "pk": 90, "fields": {"user": 24, "jti": "dc704f8fc2644d20bf6f70371540501c", "token": "eyJhbGciOiJIUzI1NiIsInR5cCI6IkpXVCJ9.eyJ0b2tlbl90eXBlIjoicmVmcmVzaCIsImV4cCI6MTY2NjkxODU0MCwiaWF0IjoxNjY2ODMyMTQwLCJqdGkiOiJkYzcwNGY4ZmMyNjQ0ZDIwYmY2ZjcwMzcxNTQwNTAxYyIsInVzZXJfaWQiOjI0fQ.0f5axRIWJr1AyCebdEx69mj1vxwuPRksZlCsPJXVhJs", "created_at": "2022-10-27T00:55:40.768Z", "expires_at": "2022-10-28T00:55:40Z"}}, {"model": "token_blacklist.outstandingtoken", "pk": 91, "fields": {"user": null, "jti": "f14dda7bcc434b31ad537a9e1b053e45", "token": "eyJhbGciOiJIUzI1NiIsInR5cCI6IkpXVCJ9.eyJ0b2tlbl90eXBlIjoicmVmcmVzaCIsImV4cCI6MTY2Njk2OTA5MywiaWF0IjoxNjY2ODgyNjkzLCJqdGkiOiJmMTRkZGE3YmNjNDM0YjMxYWQ1MzdhOWUxYjA1M2U0NSIsInVzZXJfaWQiOjI0fQ.usoBgHty_j0GG93WFX8AGcXPFN4kO_mpKPdy3gs-mcc", "created_at": null, "expires_at": "2022-10-28T14:58:13Z"}}, {"model": "token_blacklist.outstandingtoken", "pk": 92, "fields": {"user": null, "jti": "129b55563fb24668873f72d83c3f9174", "token": "eyJhbGciOiJIUzI1NiIsInR5cCI6IkpXVCJ9.eyJ0b2tlbl90eXBlIjoicmVmcmVzaCIsImV4cCI6MTY2Njk3MTUyNCwiaWF0IjoxNjY2ODg1MTI0LCJqdGkiOiIxMjliNTU1NjNmYjI0NjY4ODczZjcyZDgzYzNmOTE3NCIsInVzZXJfaWQiOjI0fQ.SuJ8N6rabw3Z3U__1Q0MkxFG7REZg5g0GoS2aY8Xxoo", "created_at": null, "expires_at": "2022-10-28T15:38:44Z"}}, {"model": "token_blacklist.outstandingtoken", "pk": 93, "fields": {"user": null, "jti": "010faf7348a3434ea36820c6862bc88f", "token": "eyJhbGciOiJIUzI1NiIsInR5cCI6IkpXVCJ9.eyJ0b2tlbl90eXBlIjoicmVmcmVzaCIsImV4cCI6MTY2Njk3MzYyNSwiaWF0IjoxNjY2ODg3MjI1LCJqdGkiOiIwMTBmYWY3MzQ4YTM0MzRlYTM2ODIwYzY4NjJiYzg4ZiIsInVzZXJfaWQiOjI0fQ.6A1Cdn2Y3zfMO0X6aDbtx9CUtUPckBENsiihTtxYaJ4", "created_at": null, "expires_at": "2022-10-28T16:13:45Z"}}, {"model": "token_blacklist.outstandingtoken", "pk": 94, "fields": {"user": null, "jti": "47e4c832ab534b8eb383b69988ccbc15", "token": "eyJhbGciOiJIUzI1NiIsInR5cCI6IkpXVCJ9.eyJ0b2tlbl90eXBlIjoicmVmcmVzaCIsImV4cCI6MTY2Njk3NTAxOSwiaWF0IjoxNjY2ODg4NjE5LCJqdGkiOiI0N2U0YzgzMmFiNTM0YjhlYjM4M2I2OTk4OGNjYmMxNSIsInVzZXJfaWQiOjI0fQ.EB5yy6qmCNmrXJTjqDD80qPbrNvTxuUzCVi-X_Lz2co", "created_at": null, "expires_at": "2022-10-28T16:36:59Z"}}, {"model": "token_blacklist.outstandingtoken", "pk": 95, "fields": {"user": null, "jti": "efeeacdfe11c47de97adbe609bda124f", "token": "eyJhbGciOiJIUzI1NiIsInR5cCI6IkpXVCJ9.eyJ0b2tlbl90eXBlIjoicmVmcmVzaCIsImV4cCI6MTY2Njk5OTQ0NSwiaWF0IjoxNjY2OTEzMDQ1LCJqdGkiOiJlZmVlYWNkZmUxMWM0N2RlOTdhZGJlNjA5YmRhMTI0ZiIsInVzZXJfaWQiOjI0fQ.TyBzqeAmuSB-F1fx8_anu8dP-HUdRO5S6dQxKFJB0n8", "created_at": null, "expires_at": "2022-10-28T23:24:05Z"}}, {"model": "token_blacklist.outstandingtoken", "pk": 96, "fields": {"user": null, "jti": "7523d846ad344834b5daaa5ff8a16b79", "token": "eyJhbGciOiJIUzI1NiIsInR5cCI6IkpXVCJ9.eyJ0b2tlbl90eXBlIjoicmVmcmVzaCIsImV4cCI6MTY2NzAwMDk4NywiaWF0IjoxNjY2OTE0NTg3LCJqdGkiOiI3NTIzZDg0NmFkMzQ0ODM0YjVkYWFhNWZmOGExNmI3OSIsInVzZXJfaWQiOjI0fQ.jsvVykaqx95sacETGlYipxDSUCJ3sPmloV36j9W45yY", "created_at": null, "expires_at": "2022-10-28T23:49:47Z"}}, {"model": "token_blacklist.outstandingtoken", "pk": 97, "fields": {"user": null, "jti": "a55b04e3fb1741a6a77b5448935b931f", "token": "eyJhbGciOiJIUzI1NiIsInR5cCI6IkpXVCJ9.eyJ0b2tlbl90eXBlIjoicmVmcmVzaCIsImV4cCI6MTY2NzAwMjMzNSwiaWF0IjoxNjY2OTE1OTM1LCJqdGkiOiJhNTViMDRlM2ZiMTc0MWE2YTc3YjU0NDg5MzViOTMxZiIsInVzZXJfaWQiOjI0fQ.tc7X7iv5EfSOB0SlZNmqyKYRJbt9wv57jRWRfIzwM6M", "created_at": null, "expires_at": "2022-10-29T00:12:15Z"}}, {"model": "token_blacklist.outstandingtoken", "pk": 98, "fields": {"user": null, "jti": "a21f0f33766f437c94bdadf5df3f03e2", "token": "eyJhbGciOiJIUzI1NiIsInR5cCI6IkpXVCJ9.eyJ0b2tlbl90eXBlIjoicmVmcmVzaCIsImV4cCI6MTY2NzAwMzgyMiwiaWF0IjoxNjY2OTE3NDIyLCJqdGkiOiJhMjFmMGYzMzc2NmY0MzdjOTRiZGFkZjVkZjNmMDNlMiIsInVzZXJfaWQiOjI0fQ.x-Ck5JOIcE6ZdIZM00fMVWtu7ecw_4X5T2V7_UNM-r4", "created_at": null, "expires_at": "2022-10-29T00:37:02Z"}}, {"model": "token_blacklist.outstandingtoken", "pk": 99, "fields": {"user": null, "jti": "155f4ea9ccb5429c8226518afbff441a", "token": "eyJhbGciOiJIUzI1NiIsInR5cCI6IkpXVCJ9.eyJ0b2tlbl90eXBlIjoicmVmcmVzaCIsImV4cCI6MTY2NzAwMzgyMiwiaWF0IjoxNjY2OTE3NDIyLCJqdGkiOiIxNTVmNGVhOWNjYjU0MjljODIyNjUxOGFmYmZmNDQxYSIsInVzZXJfaWQiOjI0fQ.XrgsDHmsxEr6RiV_x-bCC4oncDHbEVZnt0Is0I9cT3Y", "created_at": null, "expires_at": "2022-10-29T00:37:02Z"}}, {"model": "token_blacklist.outstandingtoken", "pk": 100, "fields": {"user": null, "jti": "1c2642448aea42c687ae52eed7e99056", "token": "eyJhbGciOiJIUzI1NiIsInR5cCI6IkpXVCJ9.eyJ0b2tlbl90eXBlIjoicmVmcmVzaCIsImV4cCI6MTY2NzA4OTk4MiwiaWF0IjoxNjY3MDAzNTgyLCJqdGkiOiIxYzI2NDI0NDhhZWE0MmM2ODdhZTUyZWVkN2U5OTA1NiIsInVzZXJfaWQiOjI0fQ._-0BbADneLqSc66LFD6u-hgLj7U3L4Qo970liLn0TE8", "created_at": null, "expires_at": "2022-10-30T00:33:02Z"}}, {"model": "token_blacklist.outstandingtoken", "pk": 101, "fields": {"user": null, "jti": "ef8f0a6350ed466d8bb5890cb21ac6a9", "token": "eyJhbGciOiJIUzI1NiIsInR5cCI6IkpXVCJ9.eyJ0b2tlbl90eXBlIjoicmVmcmVzaCIsImV4cCI6MTY2NzA5NTA4NywiaWF0IjoxNjY3MDA4Njg3LCJqdGkiOiJlZjhmMGE2MzUwZWQ0NjZkOGJiNTg5MGNiMjFhYzZhOSIsInVzZXJfaWQiOjI0fQ.sFOAyXDtlU8b7BacKPFka_j91ZT97i9ZAXT-RNgfAJs", "created_at": null, "expires_at": "2022-10-30T01:58:07Z"}}, {"model": "token_blacklist.outstandingtoken", "pk": 102, "fields": {"user": null, "jti": "56b0a038c8f04965b1209259a667bb0c", "token": "eyJhbGciOiJIUzI1NiIsInR5cCI6IkpXVCJ9.eyJ0b2tlbl90eXBlIjoicmVmcmVzaCIsImV4cCI6MTY2NzA5ODA5NCwiaWF0IjoxNjY3MDExNjk0LCJqdGkiOiI1NmIwYTAzOGM4ZjA0OTY1YjEyMDkyNTlhNjY3YmIwYyIsInVzZXJfaWQiOjI0fQ.T24fyUzyn6zZJaiSwMy-TbHU4WfEmAJVE5_btcjQlxk", "created_at": null, "expires_at": "2022-10-30T02:48:14Z"}}, {"model": "token_blacklist.outstandingtoken", "pk": 103, "fields": {"user": null, "jti": "b28601c0fac04b38ae7e9477b37db873", "token": "eyJhbGciOiJIUzI1NiIsInR5cCI6IkpXVCJ9.eyJ0b2tlbl90eXBlIjoicmVmcmVzaCIsImV4cCI6MTY2NzEzMTMyNywiaWF0IjoxNjY3MDQ0OTI3LCJqdGkiOiJiMjg2MDFjMGZhYzA0YjM4YWU3ZTk0NzdiMzdkYjg3MyIsInVzZXJfaWQiOjI0fQ.WHaTI9v16fCsdpB4Ko8zH4KORh5U4sEgTKdAGEYevJY", "created_at": null, "expires_at": "2022-10-30T12:02:07Z"}}, {"model": "token_blacklist.outstandingtoken", "pk": 104, "fields": {"user": null, "jti": "156cd902e49448cda73e3bfea821c45c", "token": "eyJhbGciOiJIUzI1NiIsInR5cCI6IkpXVCJ9.eyJ0b2tlbl90eXBlIjoicmVmcmVzaCIsImV4cCI6MTY2NzE0MjM3MywiaWF0IjoxNjY3MDU1OTczLCJqdGkiOiIxNTZjZDkwMmU0OTQ0OGNkYTczZTNiZmVhODIxYzQ1YyIsInVzZXJfaWQiOjI0fQ.o2Reo8zazsXOAW0YcvKKS4rjbucWamQ7weBw5rC9Alo", "created_at": null, "expires_at": "2022-10-30T15:06:13Z"}}, {"model": "token_blacklist.outstandingtoken", "pk": 105, "fields": {"user": 24, "jti": "5501faca84784250a3864079c4229c38", "token": "eyJhbGciOiJIUzI1NiIsInR5cCI6IkpXVCJ9.eyJ0b2tlbl90eXBlIjoicmVmcmVzaCIsImV4cCI6MTY2NzE3MjI1MiwiaWF0IjoxNjY3MDg1ODUyLCJqdGkiOiI1NTAxZmFjYTg0Nzg0MjUwYTM4NjQwNzljNDIyOWMzOCIsInVzZXJfaWQiOjI0fQ.2xSvQ6EskiI86QpgZYXbSo0gpi-aW4lWcEsnDnyRbgs", "created_at": "2022-10-29T23:24:12.244Z", "expires_at": "2022-10-30T23:24:12Z"}}, {"model": "token_blacklist.outstandingtoken", "pk": 106, "fields": {"user": 24, "jti": "1bdb22311f9f49c69117ebbc22bccd61", "token": "eyJhbGciOiJIUzI1NiIsInR5cCI6IkpXVCJ9.eyJ0b2tlbl90eXBlIjoicmVmcmVzaCIsImV4cCI6MTY2NzE3MzUyMywiaWF0IjoxNjY3MDg3MTIzLCJqdGkiOiIxYmRiMjIzMTFmOWY0OWM2OTExN2ViYmMyMmJjY2Q2MSIsInVzZXJfaWQiOjI0fQ.Fe8RsQoBpGWXT-81XwWQKBdJYHtiGxyB11IyH42lFvM", "created_at": "2022-10-29T23:45:23.318Z", "expires_at": "2022-10-30T23:45:23Z"}}, {"model": "token_blacklist.outstandingtoken", "pk": 107, "fields": {"user": null, "jti": "d845b2394c2a48baa2015a3422f0c038", "token": "eyJhbGciOiJIUzI1NiIsInR5cCI6IkpXVCJ9.eyJ0b2tlbl90eXBlIjoicmVmcmVzaCIsImV4cCI6MTY2NzE0NDEyNCwiaWF0IjoxNjY3MDU3NzI0LCJqdGkiOiJkODQ1YjIzOTRjMmE0OGJhYTIwMTVhMzQyMmYwYzAzOCIsInVzZXJfaWQiOjI0fQ.BgYqaOHDZJacBPFFT2CEnZ2U9Hs5bdmDrHEvZyE4pHU", "created_at": null, "expires_at": "2022-10-30T15:35:24Z"}}, {"model": "token_blacklist.outstandingtoken", "pk": 108, "fields": {"user": null, "jti": "b574a3683c5a4067b93b6cb7cc1031a8", "token": "eyJhbGciOiJIUzI1NiIsInR5cCI6IkpXVCJ9.eyJ0b2tlbl90eXBlIjoicmVmcmVzaCIsImV4cCI6MTY2NzE3NDc2NSwiaWF0IjoxNjY3MDg4MzY1LCJqdGkiOiJiNTc0YTM2ODNjNWE0MDY3YjkzYjZjYjdjYzEwMzFhOCIsInVzZXJfaWQiOjI0fQ.21ALI2Nq7ffTiaKqVuOTrb9ZIbGxcng5LDZjPluqAsw", "created_at": null, "expires_at": "2022-10-31T00:06:05Z"}}, {"model": "token_blacklist.outstandingtoken", "pk": 109, "fields": {"user": 24, "jti": "a6ad1de3bb1e4ad687b12666ce06c516", "token": "eyJhbGciOiJIUzI1NiIsInR5cCI6IkpXVCJ9.eyJ0b2tlbl90eXBlIjoicmVmcmVzaCIsImV4cCI6MTY2NzE3NTAxOCwiaWF0IjoxNjY3MDg4NjE4LCJqdGkiOiJhNmFkMWRlM2JiMWU0YWQ2ODdiMTI2NjZjZTA2YzUxNiIsInVzZXJfaWQiOjI0fQ.d4xr7uZ4nA6MvksYw0_RtLFfsFXAyZJXH8TnLZnM2QA", "created_at": "2022-10-30T00:10:18.250Z", "expires_at": "2022-10-31T00:10:18Z"}}, {"model": "token_blacklist.outstandingtoken", "pk": 110, "fields": {"user": 24, "jti": "8f5cc466545347f8a3b0e3fbb7862ab8", "token": "eyJhbGciOiJIUzI1NiIsInR5cCI6IkpXVCJ9.eyJ0b2tlbl90eXBlIjoicmVmcmVzaCIsImV4cCI6MTY2NzE3NTY0NCwiaWF0IjoxNjY3MDg5MjQ0LCJqdGkiOiI4ZjVjYzQ2NjU0NTM0N2Y4YTNiMGUzZmJiNzg2MmFiOCIsInVzZXJfaWQiOjI0fQ.Kz_S2hQY6cNi3RApi4bS3kPakUdS2OEcr_uoKj5y51w", "created_at": "2022-10-30T00:20:44.300Z", "expires_at": "2022-10-31T00:20:44Z"}}, {"model": "token_blacklist.outstandingtoken", "pk": 111, "fields": {"user": 24, "jti": "47b9a359ad4d4db0809f2e67c17fd01b", "token": "eyJhbGciOiJIUzI1NiIsInR5cCI6IkpXVCJ9.eyJ0b2tlbl90eXBlIjoicmVmcmVzaCIsImV4cCI6MTY2NzE3NTY1OSwiaWF0IjoxNjY3MDg5MjU5LCJqdGkiOiI0N2I5YTM1OWFkNGQ0ZGIwODA5ZjJlNjdjMTdmZDAxYiIsInVzZXJfaWQiOjI0fQ.5aU9hXDaqd9dLXmMHP0pq2p5qemrP4Pt_rKELdFj2O4", "created_at": "2022-10-30T00:20:59.840Z", "expires_at": "2022-10-31T00:20:59Z"}}, {"model": "token_blacklist.outstandingtoken", "pk": 112, "fields": {"user": 24, "jti": "f68e4091f4854e1bb37b38fdcc1f554a", "token": "eyJhbGciOiJIUzI1NiIsInR5cCI6IkpXVCJ9.eyJ0b2tlbl90eXBlIjoicmVmcmVzaCIsImV4cCI6MTY2NzE3NzAxMSwiaWF0IjoxNjY3MDkwNjExLCJqdGkiOiJmNjhlNDA5MWY0ODU0ZTFiYjM3YjM4ZmRjYzFmNTU0YSIsInVzZXJfaWQiOjI0fQ.ogGtR29bSXdNvinKIlHeWaVA6SACS3PedXorwABWRTQ", "created_at": "2022-10-30T00:43:31.995Z", "expires_at": "2022-10-31T00:43:31Z"}}, {"model": "token_blacklist.outstandingtoken", "pk": 113, "fields": {"user": 24, "jti": "00f96b82ec9d431989e9f4145e18ceba", "token": "eyJhbGciOiJIUzI1NiIsInR5cCI6IkpXVCJ9.eyJ0b2tlbl90eXBlIjoicmVmcmVzaCIsImV4cCI6MTY2NzE3ODEyNiwiaWF0IjoxNjY3MDkxNzI2LCJqdGkiOiIwMGY5NmI4MmVjOWQ0MzE5ODllOWY0MTQ1ZTE4Y2ViYSIsInVzZXJfaWQiOjI0fQ.hBTJ_FESuHE-KSWIpvKIBV2TlgkWWSgiwp1lECMmiXs", "created_at": "2022-10-30T01:02:06.451Z", "expires_at": "2022-10-31T01:02:06Z"}}, {"model": "token_blacklist.outstandingtoken", "pk": 114, "fields": {"user": 24, "jti": "5aa7b1aa67454daabb470f9b4efb8a71", "token": "eyJhbGciOiJIUzI1NiIsInR5cCI6IkpXVCJ9.eyJ0b2tlbl90eXBlIjoicmVmcmVzaCIsImV4cCI6MTY2NzE3ODE0NCwiaWF0IjoxNjY3MDkxNzQ0LCJqdGkiOiI1YWE3YjFhYTY3NDU0ZGFhYmI0NzBmOWI0ZWZiOGE3MSIsInVzZXJfaWQiOjI0fQ.TNnIqg5aJyBM-ECh2CdiMWycdWz4Pwqcb4ePMZbGiAg", "created_at": "2022-10-30T01:02:24.965Z", "expires_at": "2022-10-31T01:02:24Z"}}, {"model": "token_blacklist.outstandingtoken", "pk": 115, "fields": {"user": 2, "jti": "4570ba3ef72c4cd3a4f6f12cfd5d7910", "token": "eyJhbGciOiJIUzI1NiIsInR5cCI6IkpXVCJ9.eyJ0b2tlbl90eXBlIjoicmVmcmVzaCIsImV4cCI6MTY2NzI1NjA2MywiaWF0IjoxNjY3MTY5NjYzLCJqdGkiOiI0NTcwYmEzZWY3MmM0Y2QzYTRmNmYxMmNmZDVkNzkxMCIsInVzZXJfaWQiOjJ9._GKK30TBN9sgAWwaw8vqdzhnzAiXuebPGl4IE_KcF1g", "created_at": "2022-10-30T22:41:03.830Z", "expires_at": "2022-10-31T22:41:03Z"}}, {"model": "token_blacklist.outstandingtoken", "pk": 116, "fields": {"user": 24, "jti": "068c6eccccd647dfa7a78aa920b9c1fc", "token": "eyJhbGciOiJIUzI1NiIsInR5cCI6IkpXVCJ9.eyJ0b2tlbl90eXBlIjoicmVmcmVzaCIsImV4cCI6MTY2NzI1NjA4NywiaWF0IjoxNjY3MTY5Njg3LCJqdGkiOiIwNjhjNmVjY2NjZDY0N2RmYTdhNzhhYTkyMGI5YzFmYyIsInVzZXJfaWQiOjI0fQ.lG7S1pfKz6IYluGRb0oude4N_c4O-WxhD_l1ZSZBTXk", "created_at": "2022-10-30T22:41:27.090Z", "expires_at": "2022-10-31T22:41:27Z"}}, {"model": "token_blacklist.outstandingtoken", "pk": 117, "fields": {"user": null, "jti": "bef87b254eeb40549d049ca6868d24df", "token": "eyJhbGciOiJIUzI1NiIsInR5cCI6IkpXVCJ9.eyJ0b2tlbl90eXBlIjoicmVmcmVzaCIsImV4cCI6MTY2NzI1NDc3NSwiaWF0IjoxNjY3MTY4Mzc1LCJqdGkiOiJiZWY4N2IyNTRlZWI0MDU0OWQwNDljYTY4NjhkMjRkZiIsInVzZXJfaWQiOjI0fQ.oVa9qHF2oINhbvMJYqvIcjHpvJpNu1bHTh2K1qr9kPM", "created_at": null, "expires_at": "2022-10-31T22:19:35Z"}}, {"model": "token_blacklist.outstandingtoken", "pk": 118, "fields": {"user": 24, "jti": "e82320abbf3d4abcac5f05d85c0e92e3", "token": "eyJhbGciOiJIUzI1NiIsInR5cCI6IkpXVCJ9.eyJ0b2tlbl90eXBlIjoicmVmcmVzaCIsImV4cCI6MTY2NzI1ODI0MywiaWF0IjoxNjY3MTcxODQzLCJqdGkiOiJlODIzMjBhYmJmM2Q0YWJjYWM1ZjA1ZDg1YzBlOTJlMyIsInVzZXJfaWQiOjI0fQ.8Fsc7KlQcnp7vX4Ed-gWePDqViWCES2GOTuOwnp66PU", "created_at": "2022-10-30T23:17:23.622Z", "expires_at": "2022-10-31T23:17:23Z"}}, {"model": "token_blacklist.outstandingtoken", "pk": 119, "fields": {"user": null, "jti": "51710a2cd9c241548ea954a0f82eeb04", "token": "eyJhbGciOiJIUzI1NiIsInR5cCI6IkpXVCJ9.eyJ0b2tlbl90eXBlIjoicmVmcmVzaCIsImV4cCI6MTY2NzI1OTQ0OSwiaWF0IjoxNjY3MTczMDQ5LCJqdGkiOiI1MTcxMGEyY2Q5YzI0MTU0OGVhOTU0YTBmODJlZWIwNCIsInVzZXJfaWQiOjI0fQ.hqIBidWfaB8D7InLfjIxd4sU00HU48eHkhkmUKsrZUk", "created_at": null, "expires_at": "2022-10-31T23:37:29Z"}}, {"model": "token_blacklist.outstandingtoken", "pk": 120, "fields": {"user": 24, "jti": "17c0eafbe50e45aba443c6f1fe20c242", "token": "eyJhbGciOiJIUzI1NiIsInR5cCI6IkpXVCJ9.eyJ0b2tlbl90eXBlIjoicmVmcmVzaCIsImV4cCI6MTY2NzI2MDY1MSwiaWF0IjoxNjY3MTc0MjUxLCJqdGkiOiIxN2MwZWFmYmU1MGU0NWFiYTQ0M2M2ZjFmZTIwYzI0MiIsInVzZXJfaWQiOjI0fQ.P-IvKrBLP1xCPKCsEh2U8kQCwO3R9xkcuBmFZc1rqRE", "created_at": "2022-10-30T23:57:31.685Z", "expires_at": "2022-10-31T23:57:31Z"}}, {"model": "token_blacklist.outstandingtoken", "pk": 121, "fields": {"user": null, "jti": "6bf14ea222074d03b0a1597340443fbe", "token": "eyJhbGciOiJIUzI1NiIsInR5cCI6IkpXVCJ9.eyJ0b2tlbl90eXBlIjoicmVmcmVzaCIsImV4cCI6MTY2NzI2MTg5OCwiaWF0IjoxNjY3MTc1NDk4LCJqdGkiOiI2YmYxNGVhMjIyMDc0ZDAzYjBhMTU5NzM0MDQ0M2ZiZSIsInVzZXJfaWQiOjI0fQ.oMm5-2EkidmQdWLiAulRkn4mTpUH6of0FmNdSKAnk_8", "created_at": null, "expires_at": "2022-11-01T00:18:18Z"}}, {"model": "token_blacklist.outstandingtoken", "pk": 122, "fields": {"user": null, "jti": "d36eaa4080f346f49ce3e0c39733463d", "token": "eyJhbGciOiJIUzI1NiIsInR5cCI6IkpXVCJ9.eyJ0b2tlbl90eXBlIjoicmVmcmVzaCIsImV4cCI6MTY2NzI2MzE4NiwiaWF0IjoxNjY3MTc2Nzg2LCJqdGkiOiJkMzZlYWE0MDgwZjM0NmY0OWNlM2UwYzM5NzMzNDYzZCIsInVzZXJfaWQiOjI0fQ.2WIhmsxLk05U5azL4nR4GJJoUjIcvan2yvS8VEJmbRQ", "created_at": null, "expires_at": "2022-11-01T00:39:46Z"}}, {"model": "token_blacklist.outstandingtoken", "pk": 123, "fields": {"user": null, "jti": "42f56aeb29ca48879f68b3cb82b046b9", "token": "eyJhbGciOiJIUzI1NiIsInR5cCI6IkpXVCJ9.eyJ0b2tlbl90eXBlIjoicmVmcmVzaCIsImV4cCI6MTY2NzI2NDkwOCwiaWF0IjoxNjY3MTc4NTA4LCJqdGkiOiI0MmY1NmFlYjI5Y2E0ODg3OWY2OGIzY2I4MmIwNDZiOSIsInVzZXJfaWQiOjI0fQ.jXr4VV0koXUjzcWNhnpF_avGP3XaIG5QSv8NcJWdN98", "created_at": null, "expires_at": "2022-11-01T01:08:28Z"}}, {"model": "token_blacklist.outstandingtoken", "pk": 124, "fields": {"user": null, "jti": "bd5ef21752304e918bd4b2a75b85a48b", "token": "eyJhbGciOiJIUzI1NiIsInR5cCI6IkpXVCJ9.eyJ0b2tlbl90eXBlIjoicmVmcmVzaCIsImV4cCI6MTY2NzMxNzMxMiwiaWF0IjoxNjY3MjMwOTEyLCJqdGkiOiJiZDVlZjIxNzUyMzA0ZTkxOGJkNGIyYTc1Yjg1YTQ4YiIsInVzZXJfaWQiOjI0fQ.Qff-JB19M9hjKliashKMCSM1t-9DiD3BfaWz-RSphTo", "created_at": null, "expires_at": "2022-11-01T15:41:52Z"}}, {"model": "token_blacklist.outstandingtoken", "pk": 125, "fields": {"user": null, "jti": "35313a8c753f4c9b8562160ff25d45d5", "token": "eyJhbGciOiJIUzI1NiIsInR5cCI6IkpXVCJ9.eyJ0b2tlbl90eXBlIjoicmVmcmVzaCIsImV4cCI6MTY2NzMxODYwNCwiaWF0IjoxNjY3MjMyMjA0LCJqdGkiOiIzNTMxM2E4Yzc1M2Y0YzliODU2MjE2MGZmMjVkNDVkNSIsInVzZXJfaWQiOjI0fQ.X-bKDn6HeLNq5-yeawFtwh5CDMOMLhAGcxRcSwZ_fAU", "created_at": null, "expires_at": "2022-11-01T16:03:24Z"}}, {"model": "token_blacklist.outstandingtoken", "pk": 126, "fields": {"user": null, "jti": "c009d481a1ac4d70a2efa55e66846f60", "token": "eyJhbGciOiJIUzI1NiIsInR5cCI6IkpXVCJ9.eyJ0b2tlbl90eXBlIjoicmVmcmVzaCIsImV4cCI6MTY2NzMyNzI4OCwiaWF0IjoxNjY3MjQwODg4LCJqdGkiOiJjMDA5ZDQ4MWExYWM0ZDcwYTJlZmE1NWU2Njg0NmY2MCIsInVzZXJfaWQiOjI0fQ.YkwaJRLPG0f30yf8J3povTtGUmNta_ntg4hvylFfN3E", "created_at": null, "expires_at": "2022-11-01T18:28:08Z"}}, {"model": "token_blacklist.outstandingtoken", "pk": 127, "fields": {"user": null, "jti": "dcfc36f4c9ba4698892a6a3ba1493f50", "token": "eyJhbGciOiJIUzI1NiIsInR5cCI6IkpXVCJ9.eyJ0b2tlbl90eXBlIjoicmVmcmVzaCIsImV4cCI6MTY2NzMyOTU0OSwiaWF0IjoxNjY3MjQzMTQ5LCJqdGkiOiJkY2ZjMzZmNGM5YmE0Njk4ODkyYTZhM2JhMTQ5M2Y1MCIsInVzZXJfaWQiOjI0fQ.pIdHptZs3LjpFlrUNjHmVSmoImUWMMRo1BCCIKKOnU0", "created_at": null, "expires_at": "2022-11-01T19:05:49Z"}}, {"model": "token_blacklist.outstandingtoken", "pk": 128, "fields": {"user": null, "jti": "12f59fc3e2d94e3e89a8cdf84d588598", "token": "eyJhbGciOiJIUzI1NiIsInR5cCI6IkpXVCJ9.eyJ0b2tlbl90eXBlIjoicmVmcmVzaCIsImV4cCI6MTY2NzMzNDg2NSwiaWF0IjoxNjY3MjQ4NDY1LCJqdGkiOiIxMmY1OWZjM2UyZDk0ZTNlODlhOGNkZjg0ZDU4ODU5OCIsInVzZXJfaWQiOjI0fQ.Bs1ofdcgelqPNhv7oM52E8rBeTaEywgTSfaL7pCaiP0", "created_at": null, "expires_at": "2022-11-01T20:34:25Z"}}, {"model": "token_blacklist.outstandingtoken", "pk": 129, "fields": {"user": null, "jti": "2c1f83fc5a204aa488e8417c20a019c0", "token": "eyJhbGciOiJIUzI1NiIsInR5cCI6IkpXVCJ9.eyJ0b2tlbl90eXBlIjoicmVmcmVzaCIsImV4cCI6MTY2NzMzNjA5MiwiaWF0IjoxNjY3MjQ5NjkyLCJqdGkiOiIyYzFmODNmYzVhMjA0YWE0ODhlODQxN2MyMGEwMTljMCIsInVzZXJfaWQiOjI0fQ.7LoEekS-aB_k1BLVuZl7eaSrrDSBQ3Vp82hVJ3QErJQ", "created_at": null, "expires_at": "2022-11-01T20:54:52Z"}}, {"model": "token_blacklist.outstandingtoken", "pk": 130, "fields": {"user": 24, "jti": "5e5df880d5e44b4ea0b7b9a7204f47d2", "token": "eyJhbGciOiJIUzI1NiIsInR5cCI6IkpXVCJ9.eyJ0b2tlbl90eXBlIjoicmVmcmVzaCIsImV4cCI6MTY2NzM5OTAzNSwiaWF0IjoxNjY3MzEyNjM1LCJqdGkiOiI1ZTVkZjg4MGQ1ZTQ0YjRlYTBiN2I5YTcyMDRmNDdkMiIsInVzZXJfaWQiOjI0fQ.BA7l5BFNAe-xYmZNxC-PHkggnSrjLe5J6bSpGcIzI5M", "created_at": "2022-11-01T14:23:55.083Z", "expires_at": "2022-11-02T14:23:55Z"}}, {"model": "token_blacklist.outstandingtoken", "pk": 131, "fields": {"user": 24, "jti": "01d9b9d38488451e910a4d86f5d499b2", "token": "eyJhbGciOiJIUzI1NiIsInR5cCI6IkpXVCJ9.eyJ0b2tlbl90eXBlIjoicmVmcmVzaCIsImV4cCI6MTY2NzQzMDI2MiwiaWF0IjoxNjY3MzQzODYyLCJqdGkiOiIwMWQ5YjlkMzg0ODg0NTFlOTEwYTRkODZmNWQ0OTliMiIsInVzZXJfaWQiOjI0fQ.BIK2KP-63AZKg2x4mgBKtjEzTfTPLlI4f2AvvZ6PJ08", "created_at": "2022-11-01T23:04:22.449Z", "expires_at": "2022-11-02T23:04:22Z"}}, {"model": "token_blacklist.outstandingtoken", "pk": 132, "fields": {"user": 24, "jti": "2d6bedd1362b41a4b8a1d817a31479d9", "token": "eyJhbGciOiJIUzI1NiIsInR5cCI6IkpXVCJ9.eyJ0b2tlbl90eXBlIjoicmVmcmVzaCIsImV4cCI6MTY2NzQzMjI1OSwiaWF0IjoxNjY3MzQ1ODU5LCJqdGkiOiIyZDZiZWRkMTM2MmI0MWE0YjhhMWQ4MTdhMzE0NzlkOSIsInVzZXJfaWQiOjI0fQ.8nr59NUrdqqcjGmXCIMA45JMgVvUgxyPwLy-KoDUQDM", "created_at": "2022-11-01T23:37:39.128Z", "expires_at": "2022-11-02T23:37:39Z"}}, {"model": "token_blacklist.outstandingtoken", "pk": 133, "fields": {"user": 24, "jti": "df5bd08e8d474249a8f03a986ac11ba5", "token": "eyJhbGciOiJIUzI1NiIsInR5cCI6IkpXVCJ9.eyJ0b2tlbl90eXBlIjoicmVmcmVzaCIsImV4cCI6MTY2NzQzMzU1MSwiaWF0IjoxNjY3MzQ3MTUxLCJqdGkiOiJkZjViZDA4ZThkNDc0MjQ5YThmMDNhOTg2YWMxMWJhNSIsInVzZXJfaWQiOjI0fQ.G1hKV9k77aPWY7gelmrrQyQDcGlg4fI6F6Z-SWlCoxs", "created_at": "2022-11-01T23:59:11.032Z", "expires_at": "2022-11-02T23:59:11Z"}}, {"model": "token_blacklist.outstandingtoken", "pk": 134, "fields": {"user": 24, "jti": "58703c7f45be46bbada024af193de7af", "token": "eyJhbGciOiJIUzI1NiIsInR5cCI6IkpXVCJ9.eyJ0b2tlbl90eXBlIjoicmVmcmVzaCIsImV4cCI6MTY2NzQzNTc5MSwiaWF0IjoxNjY3MzQ5MzkxLCJqdGkiOiI1ODcwM2M3ZjQ1YmU0NmJiYWRhMDI0YWYxOTNkZTdhZiIsInVzZXJfaWQiOjI0fQ.uFCVH_X2ELq5OY973duv3Pw9pze3Zj5YnpQG7HgvLSM", "created_at": "2022-11-02T00:36:31.407Z", "expires_at": "2022-11-03T00:36:31Z"}}, {"model": "token_blacklist.outstandingtoken", "pk": 135, "fields": {"user": 24, "jti": "d4709f9d8f1945dda9f6eeb362aefe95", "token": "eyJhbGciOiJIUzI1NiIsInR5cCI6IkpXVCJ9.eyJ0b2tlbl90eXBlIjoicmVmcmVzaCIsImV4cCI6MTY2NzQ4MzQwMywiaWF0IjoxNjY3Mzk3MDAzLCJqdGkiOiJkNDcwOWY5ZDhmMTk0NWRkYTlmNmVlYjM2MmFlZmU5NSIsInVzZXJfaWQiOjI0fQ.MIDd3J5R3OLIu2l4FzwtdXl8ii__8obYMeECXksSgqc", "created_at": "2022-11-02T13:50:03.657Z", "expires_at": "2022-11-03T13:50:03Z"}}, {"model": "token_blacklist.outstandingtoken", "pk": 136, "fields": {"user": null, "jti": "0bef00da01d348c8bbfd3934ac91cda5", "token": "eyJhbGciOiJIUzI1NiIsInR5cCI6IkpXVCJ9.eyJ0b2tlbl90eXBlIjoicmVmcmVzaCIsImV4cCI6MTY2NzQ4MzI4MSwiaWF0IjoxNjY3Mzk2ODgxLCJqdGkiOiIwYmVmMDBkYTAxZDM0OGM4YmJmZDM5MzRhYzkxY2RhNSIsInVzZXJfaWQiOjI0fQ.XniUTAtWL7xx9Kw1-nKrUUQzt1eYT6CQqfRjohgYuUc", "created_at": null, "expires_at": "2022-11-03T13:48:01Z"}}, {"model": "token_blacklist.outstandingtoken", "pk": 137, "fields": {"user": null, "jti": "7d5344fef118428eb9e70406aea3137e", "token": "eyJhbGciOiJIUzI1NiIsInR5cCI6IkpXVCJ9.eyJ0b2tlbl90eXBlIjoicmVmcmVzaCIsImV4cCI6MTY2NzQ4NDEwOSwiaWF0IjoxNjY3Mzk3NzA5LCJqdGkiOiI3ZDUzNDRmZWYxMTg0MjhlYjllNzA0MDZhZWEzMTM3ZSIsInVzZXJfaWQiOjI0fQ.3FLwTXqp07MlZuYn4-dtD1Oh8QZeTA0qMGq9PHRy0UI", "created_at": null, "expires_at": "2022-11-03T14:01:49Z"}}, {"model": "token_blacklist.outstandingtoken", "pk": 138, "fields": {"user": null, "jti": "f4f45bc048ff4eba9fd06651d37e94c9", "token": "eyJhbGciOiJIUzI1NiIsInR5cCI6IkpXVCJ9.eyJ0b2tlbl90eXBlIjoicmVmcmVzaCIsImV4cCI6MTY2NzUyMTY5NCwiaWF0IjoxNjY3NDM1Mjk0LCJqdGkiOiJmNGY0NWJjMDQ4ZmY0ZWJhOWZkMDY2NTFkMzdlOTRjOSIsInVzZXJfaWQiOjI0fQ.E7D3R9yns3rHSBk5QEZRVCyWws7ipR-L30SykiUaetQ", "created_at": null, "expires_at": "2022-11-04T00:28:14Z"}}, {"model": "token_blacklist.outstandingtoken", "pk": 139, "fields": {"user": null, "jti": "4458882380bc4eab96c30d25321735d7", "token": "eyJhbGciOiJIUzI1NiIsInR5cCI6IkpXVCJ9.eyJ0b2tlbl90eXBlIjoicmVmcmVzaCIsImV4cCI6MTY2NzUyMzAyMSwiaWF0IjoxNjY3NDM2NjIxLCJqdGkiOiI0NDU4ODgyMzgwYmM0ZWFiOTZjMzBkMjUzMjE3MzVkNyIsInVzZXJfaWQiOjI0fQ.EczK_5hFJMwjW0ioBMUQ_rkWiIaYkysv-7Qnzq74EPA", "created_at": null, "expires_at": "2022-11-04T00:50:21Z"}}, {"model": "token_blacklist.outstandingtoken", "pk": 140, "fields": {"user": null, "jti": "c5d3a311957d4d8b92d4325db6b8bb69", "token": "eyJhbGciOiJIUzI1NiIsInR5cCI6IkpXVCJ9.eyJ0b2tlbl90eXBlIjoicmVmcmVzaCIsImV4cCI6MTY2NzUyNjQ3MiwiaWF0IjoxNjY3NDQwMDcyLCJqdGkiOiJjNWQzYTMxMTk1N2Q0ZDhiOTJkNDMyNWRiNmI4YmI2OSIsInVzZXJfaWQiOjI0fQ.0_m-4HRkaSkbI_m3TIM7g1k8tdlTTyTXP194vxiiDNM", "created_at": null, "expires_at": "2022-11-04T01:47:52Z"}}, {"model": "token_blacklist.outstandingtoken", "pk": 141, "fields": {"user": null, "jti": "35fa9e7c137e42299610b809e4b2f6bd", "token": "eyJhbGciOiJIUzI1NiIsInR5cCI6IkpXVCJ9.eyJ0b2tlbl90eXBlIjoicmVmcmVzaCIsImV4cCI6MTY2NzUyODQwMSwiaWF0IjoxNjY3NDQyMDAxLCJqdGkiOiIzNWZhOWU3YzEzN2U0MjI5OTYxMGI4MDllNGIyZjZiZCIsInVzZXJfaWQiOjI0fQ.nxfSEbR9HUUrm2l0nCJY6fAR2FCdiYxXgaHgNGcPCgc", "created_at": null, "expires_at": "2022-11-04T02:20:01Z"}}, {"model": "token_blacklist.outstandingtoken", "pk": 142, "fields": {"user": null, "jti": "6468c58748ef4bfcb7f74bc25444c9f1", "token": "eyJhbGciOiJIUzI1NiIsInR5cCI6IkpXVCJ9.eyJ0b2tlbl90eXBlIjoicmVmcmVzaCIsImV4cCI6MTY2NzU3NjYyMiwiaWF0IjoxNjY3NDkwMjIyLCJqdGkiOiI2NDY4YzU4NzQ4ZWY0YmZjYjdmNzRiYzI1NDQ0YzlmMSIsInVzZXJfaWQiOjI0fQ.EGXK3CeNoj6JTFM41aRnf3r0zEYneGb6fc6F66m3vN0", "created_at": null, "expires_at": "2022-11-04T15:43:42Z"}}, {"model": "token_blacklist.outstandingtoken", "pk": 143, "fields": {"user": 24, "jti": "9045349c9d3442158a05e73b5f0d48e2", "token": "eyJhbGciOiJIUzI1NiIsInR5cCI6IkpXVCJ9.eyJ0b2tlbl90eXBlIjoicmVmcmVzaCIsImV4cCI6MTY2NzU3Nzk0MCwiaWF0IjoxNjY3NDkxNTQwLCJqdGkiOiI5MDQ1MzQ5YzlkMzQ0MjE1OGEwNWU3M2I1ZjBkNDhlMiIsInVzZXJfaWQiOjI0fQ.lFCeZR0oUvw4mjLWIjn_cDHTpwijpOSlg-DqGyicXoo", "created_at": "2022-11-03T16:05:40.217Z", "expires_at": "2022-11-04T16:05:40Z"}}, {"model": "token_blacklist.outstandingtoken", "pk": 144, "fields": {"user": null, "jti": "ed3518ece36246da8f4845237bfb70e8", "token": "eyJhbGciOiJIUzI1NiIsInR5cCI6IkpXVCJ9.eyJ0b2tlbl90eXBlIjoicmVmcmVzaCIsImV4cCI6MTY2NzU3OTk0MSwiaWF0IjoxNjY3NDkzNTQxLCJqdGkiOiJlZDM1MThlY2UzNjI0NmRhOGY0ODQ1MjM3YmZiNzBlOCIsInVzZXJfaWQiOjI0fQ.XCEWVh-R1kWusn2OCsvuKnJr8T9xt_hOxWuOiPV8jqI", "created_at": null, "expires_at": "2022-11-04T16:39:01Z"}}, {"model": "token_blacklist.outstandingtoken", "pk": 145, "fields": {"user": 24, "jti": "a29f668fcfb24fba9d9f263efd7ab3ee", "token": "eyJhbGciOiJIUzI1NiIsInR5cCI6IkpXVCJ9.eyJ0b2tlbl90eXBlIjoicmVmcmVzaCIsImV4cCI6MTY2NzU4MDAxOSwiaWF0IjoxNjY3NDkzNjE5LCJqdGkiOiJhMjlmNjY4ZmNmYjI0ZmJhOWQ5ZjI2M2VmZDdhYjNlZSIsInVzZXJfaWQiOjI0fQ._1Wsq_ai1vPlQWrEVYIIl6spnxDC5HkStlP2c2eAaFo", "created_at": "2022-11-03T16:40:19.317Z", "expires_at": "2022-11-04T16:40:19Z"}}, {"model": "token_blacklist.outstandingtoken", "pk": 146, "fields": {"user": null, "jti": "39ce4fb3d81d4e79ac026223a886cbfd", "token": "eyJhbGciOiJIUzI1NiIsInR5cCI6IkpXVCJ9.eyJ0b2tlbl90eXBlIjoicmVmcmVzaCIsImV4cCI6MTY2NzU4MTU3OSwiaWF0IjoxNjY3NDk1MTc5LCJqdGkiOiIzOWNlNGZiM2Q4MWQ0ZTc5YWMwMjYyMjNhODg2Y2JmZCIsInVzZXJfaWQiOjI0fQ.WjbjjyhJLH7GrR4XtN7swEAWncegujRBIjkxd5Sw6U8", "created_at": null, "expires_at": "2022-11-04T17:06:19Z"}}, {"model": "token_blacklist.outstandingtoken", "pk": 147, "fields": {"user": 24, "jti": "b56cd845c70b4aac9ba710c44e51c62b", "token": "eyJhbGciOiJIUzI1NiIsInR5cCI6IkpXVCJ9.eyJ0b2tlbl90eXBlIjoicmVmcmVzaCIsImV4cCI6MTY2NzU4MjgxOSwiaWF0IjoxNjY3NDk2NDE5LCJqdGkiOiJiNTZjZDg0NWM3MGI0YWFjOWJhNzEwYzQ0ZTUxYzYyYiIsInVzZXJfaWQiOjI0fQ.bmVCiNG42VL1vIUNmjm5Wcleg1bahMAuIh0Ns1mYWQE", "created_at": "2022-11-03T17:26:59.837Z", "expires_at": "2022-11-04T17:26:59Z"}}, {"model": "token_blacklist.outstandingtoken", "pk": 148, "fields": {"user": 24, "jti": "d3f2c4e9e1d345fc8cba0944164eff66", "token": "eyJhbGciOiJIUzI1NiIsInR5cCI6IkpXVCJ9.eyJ0b2tlbl90eXBlIjoicmVmcmVzaCIsImV4cCI6MTY2NzYwMzk2NSwiaWF0IjoxNjY3NTE3NTY1LCJqdGkiOiJkM2YyYzRlOWUxZDM0NWZjOGNiYTA5NDQxNjRlZmY2NiIsInVzZXJfaWQiOjI0fQ.3Ht5QRegrrAeY_qj5FwYLEfhj_fGtN2AWvNhUr4cCDc", "created_at": "2022-11-03T23:19:25.215Z", "expires_at": "2022-11-04T23:19:25Z"}}, {"model": "token_blacklist.outstandingtoken", "pk": 149, "fields": {"user": 24, "jti": "db2fd379997d4b73ae4a087c14cff681", "token": "eyJhbGciOiJIUzI1NiIsInR5cCI6IkpXVCJ9.eyJ0b2tlbl90eXBlIjoicmVmcmVzaCIsImV4cCI6MTY2NzYwNTQ0MiwiaWF0IjoxNjY3NTE5MDQyLCJqdGkiOiJkYjJmZDM3OTk5N2Q0YjczYWU0YTA4N2MxNGNmZjY4MSIsInVzZXJfaWQiOjI0fQ.G3DdssCEdV6KDIOyKF4E1S7qUfOfsy0Y4E87ZBQkbUE", "created_at": "2022-11-03T23:44:02.698Z", "expires_at": "2022-11-04T23:44:02Z"}}, {"model": "token_blacklist.outstandingtoken", "pk": 150, "fields": {"user": null, "jti": "3cea4fdb68dd4f7084da6da894fbee7e", "token": "eyJhbGciOiJIUzI1NiIsInR5cCI6IkpXVCJ9.eyJ0b2tlbl90eXBlIjoicmVmcmVzaCIsImV4cCI6MTY2NzYwNzE2MSwiaWF0IjoxNjY3NTIwNzYxLCJqdGkiOiIzY2VhNGZkYjY4ZGQ0ZjcwODRkYTZkYTg5NGZiZWU3ZSIsInVzZXJfaWQiOjI0fQ.MfDaCvO32z_AoUufp-rFT4zTylIMloTgPYCr1BADJDM", "created_at": null, "expires_at": "2022-11-05T00:12:41Z"}}, {"model": "token_blacklist.outstandingtoken", "pk": 151, "fields": {"user": null, "jti": "abd3a42130214bb59b981d2cd823c304", "token": "eyJhbGciOiJIUzI1NiIsInR5cCI6IkpXVCJ9.eyJ0b2tlbl90eXBlIjoicmVmcmVzaCIsImV4cCI6MTY2NzYwODYwOSwiaWF0IjoxNjY3NTIyMjA5LCJqdGkiOiJhYmQzYTQyMTMwMjE0YmI1OWI5ODFkMmNkODIzYzMwNCIsInVzZXJfaWQiOjI0fQ.2Lg527SoyBoVI1rkiHdFCFBwcNb2Wq1fJEsNeYIAu3A", "created_at": null, "expires_at": "2022-11-05T00:36:49Z"}}, {"model": "token_blacklist.outstandingtoken", "pk": 152, "fields": {"user": 24, "jti": "28a90081cb734c829ac329b6a5dcd2d3", "token": "eyJhbGciOiJIUzI1NiIsInR5cCI6IkpXVCJ9.eyJ0b2tlbl90eXBlIjoicmVmcmVzaCIsImV4cCI6MTY2NzYxMDI3MSwiaWF0IjoxNjY3NTIzODcxLCJqdGkiOiIyOGE5MDA4MWNiNzM0YzgyOWFjMzI5YjZhNWRjZDJkMyIsInVzZXJfaWQiOjI0fQ.T7hTXCqeAmpGQXbzoBIf5noX71AjcGh1lDEOhNLEcSs", "created_at": "2022-11-04T01:04:31.364Z", "expires_at": "2022-11-05T01:04:31Z"}}, {"model": "token_blacklist.outstandingtoken", "pk": 153, "fields": {"user": 24, "jti": "c6d0a4e09fec422abcd65836781b1ccc", "token": "eyJhbGciOiJIUzI1NiIsInR5cCI6IkpXVCJ9.eyJ0b2tlbl90eXBlIjoicmVmcmVzaCIsImV4cCI6MTY2Nzc1MDcwNSwiaWF0IjoxNjY3NjY0MzA1LCJqdGkiOiJjNmQwYTRlMDlmZWM0MjJhYmNkNjU4MzY3ODFiMWNjYyIsInVzZXJfaWQiOjI0fQ.C6YGVDs3yZaDfd7R9o_RTvIUtgLsOAORLSNfybOkYe8", "created_at": "2022-11-05T16:05:05.007Z", "expires_at": "2022-11-06T16:05:05Z"}}, {"model": "token_blacklist.outstandingtoken", "pk": 154, "fields": {"user": 24, "jti": "899f0d818d3c4c788a3537c7ffa154b0", "token": "eyJhbGciOiJIUzI1NiIsInR5cCI6IkpXVCJ9.eyJ0b2tlbl90eXBlIjoicmVmcmVzaCIsImV4cCI6MTY2Nzc1MTc2OCwiaWF0IjoxNjY3NjY1MzY4LCJqdGkiOiI4OTlmMGQ4MThkM2M0Yzc4OGEzNTM3YzdmZmExNTRiMCIsInVzZXJfaWQiOjI0fQ.n4HfzAXXhFVs654nxoVpaP6LWQRIOqccOxHJO9a8ngw", "created_at": "2022-11-05T16:22:48.114Z", "expires_at": "2022-11-06T16:22:48Z"}}, {"model": "token_blacklist.outstandingtoken", "pk": 155, "fields": {"user": null, "jti": "81f15bb2e26e44c6a6da27282b9110ea", "token": "eyJhbGciOiJIUzI1NiIsInR5cCI6IkpXVCJ9.eyJ0b2tlbl90eXBlIjoicmVmcmVzaCIsImV4cCI6MTY2Nzc1MTkxMywiaWF0IjoxNjY3NjY1NTEzLCJqdGkiOiI4MWYxNWJiMmUyNmU0NGM2YTZkYTI3MjgyYjkxMTBlYSIsInVzZXJfaWQiOjI0fQ.MVOtyLZBdKzFa2TaDQzR4ibp6LvsXol01wxiZBj7tZ4", "created_at": null, "expires_at": "2022-11-06T16:25:13Z"}}, {"model": "token_blacklist.outstandingtoken", "pk": 156, "fields": {"user": 24, "jti": "8fc4838dbb7248658fc46c8b06ad9c89", "token": "eyJhbGciOiJIUzI1NiIsInR5cCI6IkpXVCJ9.eyJ0b2tlbl90eXBlIjoicmVmcmVzaCIsImV4cCI6MTY2NzgyNjE1MSwiaWF0IjoxNjY3NzM5NzUxLCJqdGkiOiI4ZmM0ODM4ZGJiNzI0ODY1OGZjNDZjOGIwNmFkOWM4OSIsInVzZXJfaWQiOjI0fQ.VkrkmliBbe6aSQSE2xbQFipOOaNOmFC1aAHZvz0ueIU", "created_at": "2022-11-06T13:02:31.321Z", "expires_at": "2022-11-07T13:02:31Z"}}, {"model": "token_blacklist.outstandingtoken", "pk": 157, "fields": {"user": 24, "jti": "35d7bf1ac32e4e658cb644ce350629b4", "token": "eyJhbGciOiJIUzI1NiIsInR5cCI6IkpXVCJ9.eyJ0b2tlbl90eXBlIjoicmVmcmVzaCIsImV4cCI6MTY2NzgyNjYxMCwiaWF0IjoxNjY3NzQwMjEwLCJqdGkiOiIzNWQ3YmYxYWMzMmU0ZTY1OGNiNjQ0Y2UzNTA2MjliNCIsInVzZXJfaWQiOjI0fQ.gZkrJH4KnjphaUwtF39GEuGh8rwsfRA_fLdV5LibXTM", "created_at": "2022-11-06T13:10:10.096Z", "expires_at": "2022-11-07T13:10:10Z"}}, {"model": "token_blacklist.outstandingtoken", "pk": 158, "fields": {"user": null, "jti": "4a9dbf5649a748f4842cd6b6c2a678c0", "token": "eyJhbGciOiJIUzI1NiIsInR5cCI6IkpXVCJ9.eyJ0b2tlbl90eXBlIjoicmVmcmVzaCIsImV4cCI6MTY2NzgyNzkwNSwiaWF0IjoxNjY3NzQxNTA1LCJqdGkiOiI0YTlkYmY1NjQ5YTc0OGY0ODQyY2Q2YjZjMmE2NzhjMCIsInVzZXJfaWQiOjI0fQ.IytpKN40WfE7LJuLzph74sCRXlF9NWbhWq0T2ayFh3E", "created_at": null, "expires_at": "2022-11-07T13:31:45Z"}}, {"model": "token_blacklist.outstandingtoken", "pk": 159, "fields": {"user": null, "jti": "0c874fd903b841c481d7f68e6e6a7a52", "token": "eyJhbGciOiJIUzI1NiIsInR5cCI6IkpXVCJ9.eyJ0b2tlbl90eXBlIjoicmVmcmVzaCIsImV4cCI6MTY2NzgyOTk5NSwiaWF0IjoxNjY3NzQzNTk1LCJqdGkiOiIwYzg3NGZkOTAzYjg0MWM0ODFkN2Y2OGU2ZTZhN2E1MiIsInVzZXJfaWQiOjI0fQ.opqksync0DrkhZzr0ZzflFH0Fs9xFqQxFMgDip3w2_c", "created_at": null, "expires_at": "2022-11-07T14:06:35Z"}}, {"model": "token_blacklist.outstandingtoken", "pk": 160, "fields": {"user": null, "jti": "5229dbe1039c423589423a69a0779bcc", "token": "eyJhbGciOiJIUzI1NiIsInR5cCI6IkpXVCJ9.eyJ0b2tlbl90eXBlIjoicmVmcmVzaCIsImV4cCI6MTY2NzgzMTcwNywiaWF0IjoxNjY3NzQ1MzA3LCJqdGkiOiI1MjI5ZGJlMTAzOWM0MjM1ODk0MjNhNjlhMDc3OWJjYyIsInVzZXJfaWQiOjI0fQ.4qEhroDmi1jAykEnFFUW-_CpkBAcL821ErGwcjrs2oQ", "created_at": null, "expires_at": "2022-11-07T14:35:07Z"}}, {"model": "token_blacklist.outstandingtoken", "pk": 161, "fields": {"user": null, "jti": "02772ad026b449a1ac09be036755e1f6", "token": "eyJhbGciOiJIUzI1NiIsInR5cCI6IkpXVCJ9.eyJ0b2tlbl90eXBlIjoicmVmcmVzaCIsImV4cCI6MTY2NzgzNDc1NSwiaWF0IjoxNjY3NzQ4MzU1LCJqdGkiOiIwMjc3MmFkMDI2YjQ0OWExYWMwOWJlMDM2NzU1ZTFmNiIsInVzZXJfaWQiOjI0fQ.pLvGVbRlLOuUabhayGpYpNifiOkWxImk6tA32g42d48", "created_at": null, "expires_at": "2022-11-07T15:25:55Z"}}, {"model": "token_blacklist.outstandingtoken", "pk": 162, "fields": {"user": null, "jti": "0312d20d98ef4c5b985a1b4cf7395726", "token": "eyJhbGciOiJIUzI1NiIsInR5cCI6IkpXVCJ9.eyJ0b2tlbl90eXBlIjoicmVmcmVzaCIsImV4cCI6MTY2Nzg2OTg3NiwiaWF0IjoxNjY3NzgzNDc2LCJqdGkiOiIwMzEyZDIwZDk4ZWY0YzViOTg1YTFiNGNmNzM5NTcyNiIsInVzZXJfaWQiOjI0fQ.JJD_r3S_cbQPmYl2lYoGdAapkLwO_JCYYRh_IioVfk8", "created_at": null, "expires_at": "2022-11-08T01:11:16Z"}}, {"model": "token_blacklist.outstandingtoken", "pk": 163, "fields": {"user": 24, "jti": "e2f4917fac1d4120bc129f5e81536714", "token": "eyJhbGciOiJIUzI1NiIsInR5cCI6IkpXVCJ9.eyJ0b2tlbl90eXBlIjoicmVmcmVzaCIsImV4cCI6MTY2Nzg3MDAxMSwiaWF0IjoxNjY3NzgzNjExLCJqdGkiOiJlMmY0OTE3ZmFjMWQ0MTIwYmMxMjlmNWU4MTUzNjcxNCIsInVzZXJfaWQiOjI0fQ.4KtkOPRRJiSD__-X3vH7Jvd_LfdFQpz_7cLIKJjOKqI", "created_at": "2022-11-07T01:13:31.492Z", "expires_at": "2022-11-08T01:13:31Z"}}, {"model": "token_blacklist.outstandingtoken", "pk": 164, "fields": {"user": 24, "jti": "6faedaec1f6d46ee8546e4fe6a936870", "token": "eyJhbGciOiJIUzI1NiIsInR5cCI6IkpXVCJ9.eyJ0b2tlbl90eXBlIjoicmVmcmVzaCIsImV4cCI6MTY2Nzg3MDQxNiwiaWF0IjoxNjY3Nzg0MDE2LCJqdGkiOiI2ZmFlZGFlYzFmNmQ0NmVlODU0NmU0ZmU2YTkzNjg3MCIsInVzZXJfaWQiOjI0fQ.foJJ03COcyOxaQBOFwk_WhYmToYzTE9V_eGgfLEY7OA", "created_at": "2022-11-07T01:20:16.470Z", "expires_at": "2022-11-08T01:20:16Z"}}, {"model": "token_blacklist.outstandingtoken", "pk": 165, "fields": {"user": 24, "jti": "f1d99a7a30ca4163ae8b8cfa5f4345d9", "token": "eyJhbGciOiJIUzI1NiIsInR5cCI6IkpXVCJ9.eyJ0b2tlbl90eXBlIjoicmVmcmVzaCIsImV4cCI6MTY2Nzg3MDgyNSwiaWF0IjoxNjY3Nzg0NDI1LCJqdGkiOiJmMWQ5OWE3YTMwY2E0MTYzYWU4YjhjZmE1ZjQzNDVkOSIsInVzZXJfaWQiOjI0fQ.yTVdCZqW-_1aGY5eROstt3nltPbtvMQyM1zAR0wnVZw", "created_at": "2022-11-07T01:27:05.783Z", "expires_at": "2022-11-08T01:27:05Z"}}, {"model": "token_blacklist.outstandingtoken", "pk": 166, "fields": {"user": 24, "jti": "c932ed55266f463fb22c2515b84f2b6a", "token": "eyJhbGciOiJIUzI1NiIsInR5cCI6IkpXVCJ9.eyJ0b2tlbl90eXBlIjoicmVmcmVzaCIsImV4cCI6MTY2Nzg3MTQ1NywiaWF0IjoxNjY3Nzg1MDU3LCJqdGkiOiJjOTMyZWQ1NTI2NmY0NjNmYjIyYzI1MTViODRmMmI2YSIsInVzZXJfaWQiOjI0fQ.FY5mVIVYtLbYSxrUvtz3XVfiH7dCatZtgUocpDeeIJc", "created_at": "2022-11-07T01:37:37.362Z", "expires_at": "2022-11-08T01:37:37Z"}}, {"model": "token_blacklist.blacklistedtoken", "pk": 1, "fields": {"token": 24, "blacklisted_at": "2022-10-20T13:07:03.149Z"}}, {"model": "token_blacklist.blacklistedtoken", "pk": 2, "fields": {"token": 25, "blacklisted_at": "2022-10-20T14:38:30.964Z"}}, {"model": "token_blacklist.blacklistedtoken", "pk": 3, "fields": {"token": 26, "blacklisted_at": "2022-10-20T15:09:35.070Z"}}, {"model": "token_blacklist.blacklistedtoken", "pk": 4, "fields": {"token": 27, "blacklisted_at": "2022-10-20T15:11:18.895Z"}}, {"model": "token_blacklist.blacklistedtoken", "pk": 5, "fields": {"token": 28, "blacklisted_at": "2022-10-21T14:25:18.793Z"}}, {"model": "token_blacklist.blacklistedtoken", "pk": 6, "fields": {"token": 29, "blacklisted_at": "2022-10-21T14:30:57.490Z"}}, {"model": "token_blacklist.blacklistedtoken", "pk": 7, "fields": {"token": 30, "blacklisted_at": "2022-10-21T14:43:25.725Z"}}, {"model": "token_blacklist.blacklistedtoken", "pk": 8, "fields": {"token": 31, "blacklisted_at": "2022-10-21T14:54:34.705Z"}}, {"model": "token_blacklist.blacklistedtoken", "pk": 9, "fields": {"token": 32, "blacklisted_at": "2022-10-21T15:04:57.701Z"}}, {"model": "token_blacklist.blacklistedtoken", "pk": 10, "fields": {"token": 38, "blacklisted_at": "2022-10-21T15:23:59.792Z"}}, {"model": "token_blacklist.blacklistedtoken", "pk": 11, "fields": {"token": 39, "blacklisted_at": "2022-10-21T23:50:49.417Z"}}, {"model": "token_blacklist.blacklistedtoken", "pk": 12, "fields": {"token": 40, "blacklisted_at": "2022-10-22T00:11:16.191Z"}}, {"model": "token_blacklist.blacklistedtoken", "pk": 13, "fields": {"token": 41, "blacklisted_at": "2022-10-22T00:31:42.432Z"}}, {"model": "token_blacklist.blacklistedtoken", "pk": 14, "fields": {"token": 42, "blacklisted_at": "2022-10-22T01:08:52.542Z"}}, {"model": "token_blacklist.blacklistedtoken", "pk": 15, "fields": {"token": 43, "blacklisted_at": "2022-10-22T01:31:55.478Z"}}, {"model": "token_blacklist.blacklistedtoken", "pk": 16, "fields": {"token": 44, "blacklisted_at": "2022-10-23T00:40:37.663Z"}}, {"model": "token_blacklist.blacklistedtoken", "pk": 17, "fields": {"token": 45, "blacklisted_at": "2022-10-23T01:09:11.163Z"}}, {"model": "token_blacklist.blacklistedtoken", "pk": 18, "fields": {"token": 46, "blacklisted_at": "2022-10-23T13:25:13.483Z"}}, {"model": "token_blacklist.blacklistedtoken", "pk": 19, "fields": {"token": 47, "blacklisted_at": "2022-10-23T13:45:22.459Z"}}, {"model": "token_blacklist.blacklistedtoken", "pk": 20, "fields": {"token": 48, "blacklisted_at": "2022-10-23T14:07:27.547Z"}}, {"model": "token_blacklist.blacklistedtoken", "pk": 21, "fields": {"token": 49, "blacklisted_at": "2022-10-23T14:28:04.483Z"}}, {"model": "token_blacklist.blacklistedtoken", "pk": 22, "fields": {"token": 50, "blacklisted_at": "2022-10-23T21:23:08.498Z"}}, {"model": "token_blacklist.blacklistedtoken", "pk": 23, "fields": {"token": 51, "blacklisted_at": "2022-10-23T21:45:52.665Z"}}, {"model": "token_blacklist.blacklistedtoken", "pk": 24, "fields": {"token": 52, "blacklisted_at": "2022-10-23T22:09:12.899Z"}}, {"model": "token_blacklist.blacklistedtoken", "pk": 25, "fields": {"token": 53, "blacklisted_at": "2022-10-23T22:33:15.512Z"}}, {"model": "token_blacklist.blacklistedtoken", "pk": 26, "fields": {"token": 54, "blacklisted_at": "2022-10-23T22:57:16.217Z"}}, {"model": "token_blacklist.blacklistedtoken", "pk": 27, "fields": {"token": 55, "blacklisted_at": "2022-10-23T22:57:19.993Z"}}, {"model": "token_blacklist.blacklistedtoken", "pk": 28, "fields": {"token": 56, "blacklisted_at": "2022-10-23T23:20:02.668Z"}}, {"model": "token_blacklist.blacklistedtoken", "pk": 29, "fields": {"token": 57, "blacklisted_at": "2022-10-23T23:53:07.477Z"}}, {"model": "token_blacklist.blacklistedtoken", "pk": 30, "fields": {"token": 58, "blacklisted_at": "2022-10-24T11:51:04.012Z"}}, {"model": "token_blacklist.blacklistedtoken", "pk": 31, "fields": {"token": 59, "blacklisted_at": "2022-10-24T12:24:23.563Z"}}, {"model": "token_blacklist.blacklistedtoken", "pk": 32, "fields": {"token": 60, "blacklisted_at": "2022-10-24T12:52:28.516Z"}}, {"model": "token_blacklist.blacklistedtoken", "pk": 33, "fields": {"token": 61, "blacklisted_at": "2022-10-24T13:22:07.379Z"}}, {"model": "token_blacklist.blacklistedtoken", "pk": 34, "fields": {"token": 62, "blacklisted_at": "2022-10-24T13:45:03.908Z"}}, {"model": "token_blacklist.blacklistedtoken", "pk": 35, "fields": {"token": 63, "blacklisted_at": "2022-10-24T14:51:35.953Z"}}, {"model": "token_blacklist.blacklistedtoken", "pk": 36, "fields": {"token": 64, "blacklisted_at": "2022-10-24T15:11:37.386Z"}}, {"model": "token_blacklist.blacklistedtoken", "pk": 37, "fields": {"token": 65, "blacklisted_at": "2022-10-24T23:41:32.857Z"}}, {"model": "token_blacklist.blacklistedtoken", "pk": 38, "fields": {"token": 66, "blacklisted_at": "2022-10-25T00:05:12.076Z"}}, {"model": "token_blacklist.blacklistedtoken", "pk": 39, "fields": {"token": 69, "blacklisted_at": "2022-10-25T00:19:34.488Z"}}, {"model": "token_blacklist.blacklistedtoken", "pk": 40, "fields": {"token": 70, "blacklisted_at": "2022-10-25T00:34:14.324Z"}}, {"model": "token_blacklist.blacklistedtoken", "pk": 41, "fields": {"token": 71, "blacklisted_at": "2022-10-25T00:34:42.227Z"}}, {"model": "token_blacklist.blacklistedtoken", "pk": 42, "fields": {"token": 73, "blacklisted_at": "2022-10-25T01:12:30.169Z"}}, {"model": "token_blacklist.blacklistedtoken", "pk": 43, "fields": {"token": 74, "blacklisted_at": "2022-10-25T22:19:31.058Z"}}, {"model": "token_blacklist.blacklistedtoken", "pk": 44, "fields": {"token": 75, "blacklisted_at": "2022-10-25T22:22:13.225Z"}}, {"model": "token_blacklist.blacklistedtoken", "pk": 45, "fields": {"token": 76, "blacklisted_at": "2022-10-25T22:45:06.850Z"}}, {"model": "token_blacklist.blacklistedtoken", "pk": 46, "fields": {"token": 77, "blacklisted_at": "2022-10-25T23:08:16.809Z"}}, {"model": "token_blacklist.blacklistedtoken", "pk": 47, "fields": {"token": 78, "blacklisted_at": "2022-10-25T23:56:59.185Z"}}, {"model": "token_blacklist.blacklistedtoken", "pk": 48, "fields": {"token": 79, "blacklisted_at": "2022-10-26T00:36:38.821Z"}}, {"model": "token_blacklist.blacklistedtoken", "pk": 49, "fields": {"token": 80, "blacklisted_at": "2022-10-26T01:09:00.400Z"}}, {"model": "token_blacklist.blacklistedtoken", "pk": 50, "fields": {"token": 81, "blacklisted_at": "2022-10-26T11:45:45.150Z"}}, {"model": "token_blacklist.blacklistedtoken", "pk": 51, "fields": {"token": 82, "blacklisted_at": "2022-10-26T12:47:04.703Z"}}, {"model": "token_blacklist.blacklistedtoken", "pk": 52, "fields": {"token": 83, "blacklisted_at": "2022-10-26T13:49:37.181Z"}}, {"model": "token_blacklist.blacklistedtoken", "pk": 53, "fields": {"token": 84, "blacklisted_at": "2022-10-27T00:18:49.241Z"}}, {"model": "token_blacklist.blacklistedtoken", "pk": 54, "fields": {"token": 85, "blacklisted_at": "2022-10-27T00:44:47.461Z"}}, {"model": "token_blacklist.blacklistedtoken", "pk": 55, "fields": {"token": 86, "blacklisted_at": "2022-10-27T00:45:51.036Z"}}, {"model": "token_blacklist.blacklistedtoken", "pk": 56, "fields": {"token": 90, "blacklisted_at": "2022-10-27T14:58:13.755Z"}}, {"model": "token_blacklist.blacklistedtoken", "pk": 57, "fields": {"token": 91, "blacklisted_at": "2022-10-27T15:38:44.887Z"}}, {"model": "token_blacklist.blacklistedtoken", "pk": 58, "fields": {"token": 92, "blacklisted_at": "2022-10-27T16:13:45.196Z"}}, {"model": "token_blacklist.blacklistedtoken", "pk": 59, "fields": {"token": 93, "blacklisted_at": "2022-10-27T16:36:59.565Z"}}, {"model": "token_blacklist.blacklistedtoken", "pk": 60, "fields": {"token": 94, "blacklisted_at": "2022-10-27T23:24:05.511Z"}}, {"model": "token_blacklist.blacklistedtoken", "pk": 61, "fields": {"token": 95, "blacklisted_at": "2022-10-27T23:49:47.517Z"}}, {"model": "token_blacklist.blacklistedtoken", "pk": 62, "fields": {"token": 96, "blacklisted_at": "2022-10-28T00:12:15.739Z"}}, {"model": "token_blacklist.blacklistedtoken", "pk": 63, "fields": {"token": 97, "blacklisted_at": "2022-10-28T00:37:02.297Z"}}, {"model": "token_blacklist.blacklistedtoken", "pk": 64, "fields": {"token": 98, "blacklisted_at": "2022-10-28T00:37:02.398Z"}}, {"model": "token_blacklist.blacklistedtoken", "pk": 65, "fields": {"token": 99, "blacklisted_at": "2022-10-28T01:08:07.767Z"}}, {"model": "token_blacklist.blacklistedtoken", "pk": 66, "fields": {"token": 100, "blacklisted_at": "2022-10-29T01:58:07.930Z"}}, {"model": "token_blacklist.blacklistedtoken", "pk": 67, "fields": {"token": 101, "blacklisted_at": "2022-10-29T02:48:14.484Z"}}, {"model": "token_blacklist.blacklistedtoken", "pk": 68, "fields": {"token": 102, "blacklisted_at": "2022-10-29T12:02:07.914Z"}}, {"model": "token_blacklist.blacklistedtoken", "pk": 69, "fields": {"token": 103, "blacklisted_at": "2022-10-29T15:06:13.612Z"}}, {"model": "token_blacklist.blacklistedtoken", "pk": 70, "fields": {"token": 104, "blacklisted_at": "2022-10-29T15:35:24.080Z"}}, {"model": "token_blacklist.blacklistedtoken", "pk": 71, "fields": {"token": 107, "blacklisted_at": "2022-10-30T00:06:05.349Z"}}, {"model": "token_blacklist.blacklistedtoken", "pk": 72, "fields": {"token": 108, "blacklisted_at": "2022-10-30T00:06:43.353Z"}}, {"model": "token_blacklist.blacklistedtoken", "pk": 73, "fields": {"token": 109, "blacklisted_at": "2022-10-30T00:17:56.929Z"}}, {"model": "token_blacklist.blacklistedtoken", "pk": 74, "fields": {"token": 110, "blacklisted_at": "2022-10-30T00:20:49.117Z"}}, {"model": "token_blacklist.blacklistedtoken", "pk": 75, "fields": {"token": 111, "blacklisted_at": "2022-10-30T00:41:56.677Z"}}, {"model": "token_blacklist.blacklistedtoken", "pk": 76, "fields": {"token": 112, "blacklisted_at": "2022-10-30T01:00:38.056Z"}}, {"model": "token_blacklist.blacklistedtoken", "pk": 77, "fields": {"token": 113, "blacklisted_at": "2022-10-30T01:02:14.940Z"}}, {"model": "token_blacklist.blacklistedtoken", "pk": 78, "fields": {"token": 114, "blacklisted_at": "2022-10-30T22:19:35.031Z"}}, {"model": "token_blacklist.blacklistedtoken", "pk": 79, "fields": {"token": 117, "blacklisted_at": "2022-10-30T22:55:06.721Z"}}, {"model": "token_blacklist.blacklistedtoken", "pk": 80, "fields": {"token": 118, "blacklisted_at": "2022-10-30T23:37:29.406Z"}}, {"model": "token_blacklist.blacklistedtoken", "pk": 81, "fields": {"token": 119, "blacklisted_at": "2022-10-30T23:51:21.230Z"}}, {"model": "token_blacklist.blacklistedtoken", "pk": 82, "fields": {"token": 120, "blacklisted_at": "2022-10-31T00:18:18.277Z"}}, {"model": "token_blacklist.blacklistedtoken", "pk": 83, "fields": {"token": 121, "blacklisted_at": "2022-10-31T00:39:46.372Z"}}, {"model": "token_blacklist.blacklistedtoken", "pk": 84, "fields": {"token": 122, "blacklisted_at": "2022-10-31T01:08:28.111Z"}}, {"model": "token_blacklist.blacklistedtoken", "pk": 85, "fields": {"token": 123, "blacklisted_at": "2022-10-31T15:41:53.011Z"}}, {"model": "token_blacklist.blacklistedtoken", "pk": 86, "fields": {"token": 124, "blacklisted_at": "2022-10-31T16:03:24.723Z"}}, {"model": "token_blacklist.blacklistedtoken", "pk": 87, "fields": {"token": 125, "blacklisted_at": "2022-10-31T18:28:08.247Z"}}, {"model": "token_blacklist.blacklistedtoken", "pk": 88, "fields": {"token": 126, "blacklisted_at": "2022-10-31T19:05:49.292Z"}}, {"model": "token_blacklist.blacklistedtoken", "pk": 89, "fields": {"token": 127, "blacklisted_at": "2022-10-31T20:34:25.863Z"}}, {"model": "token_blacklist.blacklistedtoken", "pk": 90, "fields": {"token": 128, "blacklisted_at": "2022-10-31T20:54:52.141Z"}}, {"model": "token_blacklist.blacklistedtoken", "pk": 91, "fields": {"token": 129, "blacklisted_at": "2022-10-31T21:20:33.372Z"}}, {"model": "token_blacklist.blacklistedtoken", "pk": 92, "fields": {"token": 134, "blacklisted_at": "2022-11-02T13:48:01.670Z"}}, {"model": "token_blacklist.blacklistedtoken", "pk": 93, "fields": {"token": 136, "blacklisted_at": "2022-11-02T14:01:49.885Z"}}, {"model": "token_blacklist.blacklistedtoken", "pk": 94, "fields": {"token": 137, "blacklisted_at": "2022-11-03T00:28:14.422Z"}}, {"model": "token_blacklist.blacklistedtoken", "pk": 95, "fields": {"token": 138, "blacklisted_at": "2022-11-03T00:50:21.787Z"}}, {"model": "token_blacklist.blacklistedtoken", "pk": 96, "fields": {"token": 139, "blacklisted_at": "2022-11-03T01:47:52.801Z"}}, {"model": "token_blacklist.blacklistedtoken", "pk": 97, "fields": {"token": 140, "blacklisted_at": "2022-11-03T02:20:01.896Z"}}, {"model": "token_blacklist.blacklistedtoken", "pk": 98, "fields": {"token": 141, "blacklisted_at": "2022-11-03T15:43:42.507Z"}}, {"model": "token_blacklist.blacklistedtoken", "pk": 99, "fields": {"token": 142, "blacklisted_at": "2022-11-03T16:05:28.593Z"}}, {"model": "token_blacklist.blacklistedtoken", "pk": 100, "fields": {"token": 143, "blacklisted_at": "2022-11-03T16:39:01.567Z"}}, {"model": "token_blacklist.blacklistedtoken", "pk": 101, "fields": {"token": 144, "blacklisted_at": "2022-11-03T16:39:44.194Z"}}, {"model": "token_blacklist.blacklistedtoken", "pk": 102, "fields": {"token": 145, "blacklisted_at": "2022-11-03T17:06:19.563Z"}}, {"model": "token_blacklist.blacklistedtoken", "pk": 103, "fields": {"token": 146, "blacklisted_at": "2022-11-03T17:26:40.462Z"}}, {"model": "token_blacklist.blacklistedtoken", "pk": 104, "fields": {"token": 147, "blacklisted_at": "2022-11-03T23:18:55.918Z"}}, {"model": "token_blacklist.blacklistedtoken", "pk": 105, "fields": {"token": 148, "blacklisted_at": "2022-11-03T23:43:36.030Z"}}, {"model": "token_blacklist.blacklistedtoken", "pk": 106, "fields": {"token": 149, "blacklisted_at": "2022-11-04T00:12:41.166Z"}}, {"model": "token_blacklist.blacklistedtoken", "pk": 107, "fields": {"token": 150, "blacklisted_at": "2022-11-04T00:36:49.811Z"}}, {"model": "token_blacklist.blacklistedtoken", "pk": 108, "fields": {"token": 151, "blacklisted_at": "2022-11-04T01:04:18.024Z"}}, {"model": "token_blacklist.blacklistedtoken", "pk": 109, "fields": {"token": 152, "blacklisted_at": "2022-11-04T01:12:44.103Z"}}, {"model": "token_blacklist.blacklistedtoken", "pk": 110, "fields": {"token": 153, "blacklisted_at": "2022-11-05T16:25:13.770Z"}}, {"model": "token_blacklist.blacklistedtoken", "pk": 111, "fields": {"token": 155, "blacklisted_at": "2022-11-06T13:02:07.266Z"}}, {"model": "token_blacklist.blacklistedtoken", "pk": 112, "fields": {"token": 156, "blacklisted_at": "2022-11-06T13:08:48.879Z"}}, {"model": "token_blacklist.blacklistedtoken", "pk": 113, "fields": {"token": 157, "blacklisted_at": "2022-11-06T13:31:45.619Z"}}, {"model": "token_blacklist.blacklistedtoken", "pk": 114, "fields": {"token": 158, "blacklisted_at": "2022-11-06T14:06:35.763Z"}}, {"model": "token_blacklist.blacklistedtoken", "pk": 115, "fields": {"token": 159, "blacklisted_at": "2022-11-06T14:35:07.921Z"}}, {"model": "token_blacklist.blacklistedtoken", "pk": 116, "fields": {"token": 160, "blacklisted_at": "2022-11-06T15:25:55.276Z"}}, {"model": "token_blacklist.blacklistedtoken", "pk": 117, "fields": {"token": 161, "blacklisted_at": "2022-11-07T01:11:16.941Z"}}, {"model": "token_blacklist.blacklistedtoken", "pk": 118, "fields": {"token": 162, "blacklisted_at": "2022-11-07T01:12:11.139Z"}}, {"model": "token_blacklist.blacklistedtoken", "pk": 119, "fields": {"token": 163, "blacklisted_at": "2022-11-07T01:19:12.895Z"}}, {"model": "token_blacklist.blacklistedtoken", "pk": 120, "fields": {"token": 164, "blacklisted_at": "2022-11-07T01:25:59.903Z"}}, {"model": "token_blacklist.blacklistedtoken", "pk": 121, "fields": {"token": 165, "blacklisted_at": "2022-11-07T01:34:16.475Z"}}]
